<?xml version = "1.0"?>
<XML ID="EQInterfaceDefinitionLanGauge">
  <Schema xmlns="EverQuestData" xmlns:dt="EverQuestDataTypes" />
  
	<TextureInfo item="TargetBox.tga">
		<Size>
			<CX>512</CX>
			<CY>256</CY>
		</Size>
	</TextureInfo>
	
  <Ui2DAnimation item="A_TargetBox">
    <Cycle>false</Cycle>
    <Frames>
      <Texture>TargetBox.tga</Texture>
      <Location>
        <X>0</X>
        <Y>0</Y>
      </Location>
      <Size>
        <CX>512</CX>
        <CY>512</CY>
      </Size>
    </Frames>
  </Ui2DAnimation>
  
  <StaticAnimation item="A_TargetBoxStaticAnim">
    <ScreenID>A_TargetBoxStaticAnim</ScreenID>
    <Animation>A_TargetBox</Animation>
    <Size>
      <CX>1</CX>
      <CY>1</CY>
    </Size>
  </StaticAnimation>
  
  <Ui2DAnimation item="A_Spaghetti_GaugeBackground">
    <Cycle>true</Cycle>
    <Frames>
      <Texture>Target_Bg.tga</Texture>
      <Location>
        <X>0</X>
        <Y>140</Y>
      </Location>
      <Size>
        <CX>200</CX>
        <CY>16</CY>
      </Size>
      <Hotspot>
        <X>0</X>
        <Y>0</Y>
      </Hotspot>
      <Duration>1000</Duration>
    </Frames>
  </Ui2DAnimation>
  
  <Ui2DAnimation item="A_Spaghetti_GaugeLinesFill">
    <Cycle>true</Cycle>
    <Frames>
      <Texture>Target_Bg.tga</Texture>
      <Location>
        <X>0</X>
        <Y>180</Y>
      </Location>
      <Size>
        <CX>0</CX>
        <CY>0</CY>
      </Size>
      <Hotspot>
        <X>0</X>
        <Y>0</Y>
      </Hotspot>
      <Duration>1000</Duration>
    </Frames>
  </Ui2DAnimation>
  
  <Ui2DAnimation item="A_Spaghetti_GaugeFill">
    <Cycle>true</Cycle>
    <Frames>
      <Texture>Target_Bg.tga</Texture>
      <Location>
        <X>0</X>
        <Y>160</Y>
      </Location>
      <Size>
        <CX>200</CX>
        <CY>16</CY>
      </Size>
      <Hotspot>
        <X>0</X>
        <Y>0</Y>
      </Hotspot>
      <Duration>1000</Duration>
    </Frames>
  </Ui2DAnimation>
  
  <Ui2DAnimation item="A_Spaghetti_GaugeLines">
    <Cycle>true</Cycle>
    <Frames>
      <Texture>Target_Bg.tga</Texture>
      <Location>
        <X>0</X>
        <Y>120</Y>
      </Location>
      <Size>
        <CX>200</CX>
        <CY>16</CY>
      </Size>
      <Hotspot>
        <X>0</X>
        <Y>0</Y>
      </Hotspot>
      <Duration>1000</Duration>
    </Frames>
  </Ui2DAnimation>
  
  <Ui2DAnimation item="A_Spaghetti_GaugeEndCapRight">
    <Cycle>true</Cycle>
    <Frames>
      <Texture>Target_Bg.tga</Texture>
      <Location>
        <X>202</X>
        <Y>140</Y>
      </Location>
      <Size>
        <CX>0</CX>
        <CY>0</CY>
      </Size>
      <Hotspot>
        <X>0</X>
        <Y>0</Y>
      </Hotspot>
      <Duration>1000</Duration>
    </Frames>
  </Ui2DAnimation>
  
  <Ui2DAnimation item="A_Spaghetti_GaugeEndCapLeft">
    <Cycle>true</Cycle>
    <Frames>
      <Texture>Target_Bg.tga</Texture>
      <Location>
        <X>202</X>
        <Y>140</Y>
      </Location>
      <Size>
        <CX>0</CX>
        <CY>0</CY>
      </Size>
      <Hotspot>
        <X>0</X>
        <Y>0</Y>
      </Hotspot>
      <Duration>1000</Duration>
    </Frames>
  </Ui2DAnimation>
  
  <Ui2DAnimation item="A_Spaghetti_Slim_GaugeFill">
    <Cycle>true</Cycle>
    <Frames>
      <Texture>Target_Bg.tga</Texture>
      <Location>
        <X>0</X>
        <Y>138</Y>
      </Location>
      <Size>
        <CX>200</CX>
        <CY>2</CY>
      </Size>
      <Hotspot>
        <X>0</X>
        <Y>0</Y>
      </Hotspot>
      <Duration>1000</Duration>
    </Frames>
  </Ui2DAnimation>
  
  <Ui2DAnimation item="A_TW_Mini_GaugeBackground">
    <Cycle>true</Cycle>
    <Frames>
      <Texture>Target_Bg.tga</Texture>
      <Location>
        <X>380</X>
        <Y>140</Y>
      </Location>
      <Size>
        <CX>45</CX>
        <CY>3</CY>
      </Size>
      <Hotspot>
        <X>0</X>
        <Y>0</Y>
      </Hotspot>
      <Duration>1000</Duration>
    </Frames>
  </Ui2DAnimation>
  
  <Ui2DAnimation item="A_TW_Mini_GaugeFill">
    <Cycle>true</Cycle>
    <Frames>
      <Texture>Target_Bg.tga</Texture>
      <Location>
        <X>380</X>
        <Y>143</Y>
      </Location>
      <Size>
        <CX>45</CX>
        <CY>3</CY>
      </Size>
      <Hotspot>
        <X>0</X>
        <Y>0</Y>
      </Hotspot>
      <Duration>1000</Duration>
    </Frames>
  </Ui2DAnimation>
  
	<Ui2DAnimation item="A_TW_Bg">
		<Cycle>true</Cycle>
		<Frames>
			<Texture>Target_Bg.tga</Texture>
			<Location>
				<X>0</X>
				<Y>180</Y>
			</Location>
			<Size>
				<CX>710</CX>
				<CY>38</CY>
			</Size>
			<Hotspot>
				<X>0</X>
				<Y>0</Y>
			</Hotspot>
		  <Duration>1000</Duration>
		</Frames>
  </Ui2DAnimation>
  
	<StaticAnimation item="TW_Bg">
		<ScreenID>TW_Bg</ScreenID>
		<RelativePosition>true</RelativePosition>
		<Location>
			<X>0</X>
			<Y>0</Y>
		</Location>
		<Size>
			<CX>710</CX>
			<CY>38</CY>
		</Size>
		<Animation>A_TW_Bg</Animation>
	</StaticAnimation>
  
	<!-- Color Con Box -->
	<Ui2DAnimation item="A_TargetIndicator">
		<Cycle>false</Cycle>
		<Frames>
			<Texture>AttackIndicator.tga</Texture>
			<Location>
				<X>-1</X>
				<Y>0</Y>
			</Location>
			<Size>
				<CX>256</CX>
				<CY>256</CY>
			</Size>
		</Frames>
	</Ui2DAnimation>
 
	<Ui2DAnimation item="A_TargetIndicatorTop">
		<Cycle>false</Cycle>
		<Frames>
			<Texture>AttackIndicator.tga</Texture>
			<Location>
				<X>0</X>
				<Y>0</Y>
			</Location>
			<Size>
				<CX>112</CX>
				<CY>2</CY>
			</Size>
		</Frames>
	</Ui2DAnimation>
	
	<Ui2DAnimation item="A_TargetIndicatorBottom">
		<Cycle>false</Cycle>
		<Frames>
			<Texture>AttackIndicator.tga</Texture>
			<Location>
				<X>0</X>
				<Y>29</Y>
			</Location>
			<Size>
				<CX>112</CX>
				<CY>3</CY>
			</Size>
		</Frames>
	</Ui2DAnimation>
	
	<Ui2DAnimation item="A_TargetIndicatorLeft">
		<Cycle>false</Cycle>
		<Frames>
			<Texture>AttackIndicator.tga</Texture>
			<Location>
				<X>0</X>
				<Y>2</Y>
			</Location>
			<Size>
				<CX>3</CX>
				<CY>27</CY>
			</Size>
		</Frames>
	</Ui2DAnimation>
	
	<Ui2DAnimation item="A_TargetIndicatorRight">
		<Cycle>false</Cycle>
		<Frames>
			<Texture>AttackIndicator.tga</Texture>
			<Location>
				<X>111</X>
				<Y>3</Y>
			</Location>
			<Size>
				<CX>1</CX>
				<CY>26</CY>
			</Size>
		</Frames>
	</Ui2DAnimation>
	
	<Ui2DAnimation item="A_TargetIndicatorFill">
		<Cycle>false</Cycle>
		<Frames>
			<Texture>AttackIndicator.tga</Texture>
			<Location>
				<X>4</X>
				<Y>4</Y>
			</Location>
			<Size>
				<CX>104</CX>
				<CY>24</CY>
			</Size>
		</Frames>
	</Ui2DAnimation>
	
	<!-- Attack Indicator Properties  USE THIS TO MOVE THE ATTACK INDICATOR -->
	<StaticAnimation item="A_TargetBoxStaticAnimTop">
		<ScreenID>A_TargetBoxStaticAnimTop</ScreenID>
		<Animation>A_TargetIndicatorTop</Animation>
		<AutoDraw>false</AutoDraw>
		<AutoStretch>true</AutoStretch>
		<TopAnchorOffset>8</TopAnchorOffset>
		<BottomAnchorOffset>11</BottomAnchorOffset>
		<LeftAnchorOffset>249</LeftAnchorOffset>
		<RightAnchorOffset>254</RightAnchorOffset>
		<TopAnchorToTop>true</TopAnchorToTop>
		<BottomAnchorToTop>true</BottomAnchorToTop>
		<LeftAnchorToLeft>true</LeftAnchorToLeft>
		<RightAnchorToLeft>false</RightAnchorToLeft>
	</StaticAnimation>
	
	<StaticAnimation item="A_TargetBoxStaticAnimBottom">
		<ScreenID>A_TargetBoxStaticAnimBottom</ScreenID>
		<Animation>A_TargetIndicatorBottom</Animation>
		<AutoDraw>false</AutoDraw>
		<AutoStretch>true</AutoStretch>
		<TopAnchorOffset>29</TopAnchorOffset>
		<BottomAnchorOffset>34</BottomAnchorOffset>
		<LeftAnchorOffset>249</LeftAnchorOffset>
		<RightAnchorOffset>254</RightAnchorOffset>
		<TopAnchorToTop>true</TopAnchorToTop>
		<BottomAnchorToTop>true</BottomAnchorToTop>
		<LeftAnchorToLeft>true</LeftAnchorToLeft>
		<RightAnchorToLeft>false</RightAnchorToLeft>
	</StaticAnimation>
	
	<StaticAnimation item="A_TargetBoxStaticAnimLeft">
		<ScreenID>A_TargetBoxStaticAnimLeft</ScreenID>
		<Animation>A_TargetIndicatorLeft</Animation>
		<AutoDraw>true</AutoDraw>
		<AutoStretch>true</AutoStretch>
		<TopAnchorOffset>11</TopAnchorOffset>
		<BottomAnchorOffset>31</BottomAnchorOffset>
		<LeftAnchorOffset>249</LeftAnchorOffset>
		<RightAnchorOffset>252</RightAnchorOffset>		
		<TopAnchorToTop>true</TopAnchorToTop>
		<BottomAnchorToTop>true</BottomAnchorToTop>
		<LeftAnchorToLeft>true</LeftAnchorToLeft>
		<RightAnchorToLeft>true</RightAnchorToLeft>
	</StaticAnimation>
	
	<StaticAnimation item="A_TargetBoxStaticAnimRight">
		<ScreenID>A_TargetBoxStaticAnimRight</ScreenID>
		<Animation>A_TargetIndicatorRight</Animation>
		<AutoDraw>false</AutoDraw>q
		<AutoStretch>true</AutoStretch>
		<TopAnchorOffset>11</TopAnchorOffset>
		<BottomAnchorOffset>31</BottomAnchorOffset>
		<LeftAnchorOffset>254</LeftAnchorOffset>
		<RightAnchorOffset>257</RightAnchorOffset>
		<TopAnchorToTop>true</TopAnchorToTop>
		<BottomAnchorToTop>true</BottomAnchorToTop>
		<LeftAnchorToLeft>false</LeftAnchorToLeft>
		<RightAnchorToLeft>false</RightAnchorToLeft>
	</StaticAnimation>
  
	<Gauge item="TW_PlayerHP_Gauge">
		<ScreenID>TW_PlayerHPGauge</ScreenID>
		<!--<Font>3</Font> -->
		<RelativePosition>true</RelativePosition>
		<Location>
			<X>37</X>
			<Y>26</Y>
		</Location>
		<Size>
			<CX>108</CX>
			<CY>9</CY>
		</Size>
		<TextOffsetX>14</TextOffsetX>
		<TextOffsetY>-50</TextOffsetY>
		<GaugeOffsetY>0</GaugeOffsetY>
		<Style_VScroll>false</Style_VScroll>
		<Style_HScroll>false</Style_HScroll>
		<Style_Transparent>false</Style_Transparent>
		<!--<TooltipReference/>-->
		<FillTint>
			<R>220</R>
			<G>0</G>
			<B>0</B>
		</FillTint>
		<LinesFillTint>
			<R>220</R>
			<G>100</G>
			<B>100</B>
		</LinesFillTint>
		<DrawLinesFill>false</DrawLinesFill>
		<EQType>1</EQType>
		<GaugeDrawTemplate>
		<Background>A_GaugeBackground</Background>
			<Fill>A_GaugeFill</Fill>
			<!--<Lines>A_GaugeLines</Lines>
			<LinesFill>A_GaugeLinesFill</LinesFill> -->
			<EndCapLeft>A_GaugeEndCapLeft</EndCapLeft>
			<EndCapRight>A_GaugeEndCapRight</EndCapRight>
		</GaugeDrawTemplate>
	</Gauge>
  
	<Label item="TW_PlayerHP_Percent">
		<ScreenID>TW_PlayerHPLabel</ScreenID>
		<Font>1</Font>
		<RelativePosition>true</RelativePosition>
		<Location>
			<X>145</X>
			<Y>25</Y>
		</Location>
		<Size>
			<CX>18</CX>
			<CY>10</CY>
		</Size>
		<EQType>19</EQType>
		<TextColor>
			<R>220</R>
			<G>0</G>
			<B>0</B>
			<Alpha>255</Alpha>
		</TextColor>
		<AlignCenter>false</AlignCenter>
		<AlignRight>true</AlignRight>
		<AlignLeft>false</AlignLeft>
	</Label>
  
	<Gauge item="CastingSpell_Gauge">
		<ScreenID>Gauge</ScreenID>
		<Font>2</Font>
		<TextColor>
			<R>240</R>
			<G>240</G>
			<B>240</B>
		</TextColor>
		<RelativePosition>true</RelativePosition>
		<Location>
			<X>252</X>
			<Y>26</Y>
		</Location>
		<Size>
			<CX>200</CX>
			<CY>6</CY>
		</Size>
		<GaugeOffsetY>0</GaugeOffsetY>
		<TextOffsetX>0</TextOffsetX>
		<TextOffsetY>-50</TextOffsetY>
		<Style_VScroll>false</Style_VScroll>
		<Style_HScroll>false</Style_HScroll>
		<Style_Transparent>false</Style_Transparent>
		<TooltipReference />
		<FillTint>
			<R>0</R>
			<G>100</G>
			<B>250</B>
			<Alpha>255</Alpha>
		</FillTint>
		<LinesFillTint>
			<R>220</R>
			<G>220</G>
			<B>0</B>
		</LinesFillTint>
		<DrawLinesFill>false</DrawLinesFill>
		<EQType>7</EQType>
		<GaugeDrawTemplate>
			<Fill>A_Spaghetti_Slim_GaugeFill</Fill>
		</GaugeDrawTemplate>
	</Gauge>

	<Gauge item="TW_PlayerMana_Gauge">
		<ScreenID>TW_PlayerManaGauge</ScreenID>
		<!--<Font>3</Font> -->
		<RelativePosition>true</RelativePosition>
		<Location>
			<X>566</X>
			<Y>26</Y>
		</Location>
		<Size>
			<CX>108</CX>
			<CY>9</CY>
		</Size>
		<GaugeOffsetY>0</GaugeOffsetY>
		<Style_VScroll>false</Style_VScroll>
		<Style_HScroll>false</Style_HScroll>
		<Style_Transparent>false</Style_Transparent>
		<!--<TooltipReference/>-->
		<FillTint>
			<R>0</R>
			<G>100</G>
			<B>250</B>
		</FillTint>
		<LinesFillTint>
			<R>0</R>
			<G>0</G>
			<B>0</B>
		</LinesFillTint>
		<DrawLinesFill>false</DrawLinesFill>
		<EQType>2</EQType>
		<GaugeDrawTemplate>
		<Background>A_GaugeBackground</Background>
			<Fill>A_GaugeFill</Fill>
			<!--<Lines>A_GaugeLines</Lines> -->
			<!--<LinesFill>A_GaugeLinesFill</LinesFill>-->
			<EndCapLeft>A_GaugeEndCapLeft</EndCapLeft>
			<EndCapRight>A_GaugeEndCapRight</EndCapRight>
		</GaugeDrawTemplate>
	</Gauge>

	<Label item="TW_PlayerMana_Percent">
		<ScreenID>TW_PlayerManaLabel</ScreenID>
		<Font>1</Font>
		<RelativePosition>true</RelativePosition>
		<Location>
			<X>674</X>
			<Y>25</Y>
		</Location>
		<Size>
			<CX>18</CX>
			<CY>10</CY>
		</Size>
		<EQType>20</EQType>
		<TextColor>
			<R>125</R>
			<G>184</G>
			<B>235</B>
		</TextColor>
		<AlignCenter>false</AlignCenter>
		<AlignRight>true</AlignRight>
		<AlignLeft>false</AlignLeft>
	</Label>  
  
	<Gauge item="TW_PetGauge">
		<ScreenID>PetGauge</ScreenID>
		<!--<Font>3</Font>-->
		<RelativePosition>true</RelativePosition>
		<Location>
			  <X>252</X>
			  <Y>26</Y>
		</Location>
		<Size>
			  <CX>200</CX>
			  <CY>2</CY>
		</Size>
		<GaugeOffsetY>0</GaugeOffsetY>
		<Style_VScroll>false</Style_VScroll>
		<Style_HScroll>false</Style_HScroll>
		<Style_Transparent>false</Style_Transparent>
		<!--<TooltipReference/>-->
		<FillTint>
			  <R>220</R>
			  <G>0</G>
			  <B>220</B>
			  <Alpha>255</Alpha>
		</FillTint>
		<LinesFillTint>
			  <R>0</R>
			  <G>100</G>
			  <B>220</B>
			  <Alpha>255</Alpha>
		</LinesFillTint>
		<DrawLinesFill>false</DrawLinesFill>
		<EQType>16</EQType>
		<GaugeDrawTemplate>
			<Fill>A_Spaghetti_Slim_GaugeFill</Fill>
		</GaugeDrawTemplate>
		<TextOffsetY>-50</TextOffsetY>
		<TextColor>
			  <Alpha>255</Alpha>
			  <R>0</R>
			  <G>220</G>
			  <B>220</B>
		</TextColor>
		<TextOffsetX>-50</TextOffsetX>
	</Gauge>

	<!-- BEGIN CODE FOR MINI HP BARS -->
	<Gauge item="Mini_GF1_Gauge">
		<ScreenID>Mini_GF1</ScreenID>
		<!--<Font>3</Font>-->
		<RelativePosition>true</RelativePosition>
		<Location>
			<X>462</X>
			<Y>7</Y>
		</Location>
		<Size>
			<CX>45</CX>
			<CY>3</CY>
		</Size>
		<GaugeOffsetY>0</GaugeOffsetY>
		<Style_VScroll>false</Style_VScroll>
		<Style_HScroll>false</Style_HScroll>
		<Style_Transparent>false</Style_Transparent>
		<!--<TooltipReference/>-->
		<FillTint>
			<R>0</R>
			<G>240</G>
			<B>0</B>
		</FillTint>
		<LinesFillTint>
			<R>0</R>
			<G>0</G>
			<B>0</B>
		</LinesFillTint>
		<DrawLinesFill>false</DrawLinesFill>
		<EQType>11</EQType>
		<GaugeDrawTemplate>
			<Background>A_TW_Mini_GaugeBackground</Background>
			<Fill>A_TW_Mini_GaugeFill</Fill>
		</GaugeDrawTemplate>
		<TextOffsetY>-50</TextOffsetY>
	</Gauge>
	
	<Gauge item="Mini_GF2_Gauge">
		<ScreenID>Mini_GF2</ScreenID>
		<!--<Font>3</Font>-->
		<RelativePosition>true</RelativePosition>
		<Location>
			<X>462</X>
			<Y>12</Y>
		</Location>
		<Size>
			<CX>45</CX>
			<CY>3</CY>
		</Size>
		<GaugeOffsetY>0</GaugeOffsetY>
		<Style_VScroll>false</Style_VScroll>
		<Style_HScroll>false</Style_HScroll>
		<Style_Transparent>false</Style_Transparent>
		<!--<TooltipReference/>-->
		<FillTint>
			<R>0</R>
			<G>240</G>
			<B>0</B>
		</FillTint>
		<LinesFillTint>
			<R>0</R>
			<G>0</G>
			<B>0</B>
		</LinesFillTint>
		<DrawLinesFill>false</DrawLinesFill>
		<EQType>12</EQType>
		<GaugeDrawTemplate>
			<Background>A_TW_Mini_GaugeBackground</Background>
			<Fill>A_TW_Mini_GaugeFill</Fill>
		</GaugeDrawTemplate>
		<TextOffsetY>-50</TextOffsetY>
	</Gauge>
	
	<Gauge item="Mini_GF3_Gauge">
		<ScreenID>Mini_GF3</ScreenID>
		<!--<Font>3</Font>-->
		<RelativePosition>true</RelativePosition>
		<Location>
			<X>462</X>
			<Y>17</Y>
		</Location>
		<Size>
			<CX>45</CX>
			<CY>3</CY>
		</Size>
		<GaugeOffsetY>0</GaugeOffsetY>
		<Style_VScroll>false</Style_VScroll>
		<Style_HScroll>false</Style_HScroll>
		<Style_Transparent>false</Style_Transparent>
		<!--<TooltipReference/>-->
		<FillTint>
			<R>0</R>
			<G>240</G>
			<B>0</B>
		</FillTint>
		<LinesFillTint>
			<R>0</R>
			<G>0</G>
			<B>0</B>
		</LinesFillTint>
		<DrawLinesFill>false</DrawLinesFill>
		<EQType>13</EQType>
		<GaugeDrawTemplate>
			<Background>A_TW_Mini_GaugeBackground</Background>
			<Fill>A_TW_Mini_GaugeFill</Fill>
		</GaugeDrawTemplate>
		<TextOffsetY>-50</TextOffsetY>
	</Gauge>
	
	<Gauge item="Mini_GF4_Gauge">
		<ScreenID>Mini_GF4</ScreenID>
		<!--<Font>3</Font>-->
		<RelativePosition>true</RelativePosition>
		<Location>
			<X>462</X>
			<Y>22</Y>
		</Location>
		<Size>
			<CX>45</CX>
			<CY>3</CY>
		</Size>
		<GaugeOffsetY>0</GaugeOffsetY>
		<Style_VScroll>false</Style_VScroll>
		<Style_HScroll>false</Style_HScroll>
		<Style_Transparent>false</Style_Transparent>
		<!--<TooltipReference/>-->
		<FillTint>
			<R>0</R>
			<G>240</G>
			<B>0</B>
		</FillTint>
		<LinesFillTint>
			<R>0</R>
			<G>0</G>
			<B>0</B>
		</LinesFillTint>
		<DrawLinesFill>false</DrawLinesFill>
		<EQType>14</EQType>
		<GaugeDrawTemplate>
			<Background>A_TW_Mini_GaugeBackground</Background>
			<Fill>A_TW_Mini_GaugeFill</Fill>
		</GaugeDrawTemplate>
		<TextOffsetY>-50</TextOffsetY>
	</Gauge>
	
	<Gauge item="Mini_GF5_Gauge">
		<ScreenID>Mini_GF5</ScreenID>
		<!--<Font>3</Font>-->
		<RelativePosition>true</RelativePosition>
		<Location>
			<X>462</X>
			<Y>27</Y>
		</Location>
		<Size>
			<CX>45</CX>
			<CY>3</CY>
		</Size>
		<GaugeOffsetY>0</GaugeOffsetY>
		<Style_VScroll>false</Style_VScroll>
		<Style_HScroll>false</Style_HScroll>
		<Style_Transparent>false</Style_Transparent>
		<!--<TooltipReference/>-->
		<FillTint>
			<R>0</R>
			<G>240</G>
			<B>0</B>
		</FillTint>
		<LinesFillTint>
			<R>0</R>
			<G>0</G>
			<B>0</B>
		</LinesFillTint>
		<DrawLinesFill>false</DrawLinesFill>
		<EQType>15</EQType>
		<GaugeDrawTemplate>
			<Background>A_TW_Mini_GaugeBackground</Background>
			<Fill>A_TW_Mini_GaugeFill</Fill>
		</GaugeDrawTemplate>
	<TextOffsetY>-50</TextOffsetY>
	</Gauge>
	<!-- END CODE FOR MINI HP BARS -->
	
	<!-- Base Target Gauge	RED -->
	<Gauge item="Target_HP">
		<ScreenID>TargetHP</ScreenID>
		<Font>2</Font>
		<TextColor>
			<R>240</R>
			<G>240</G>
			<B>240</B>
		</TextColor>
		<RelativePosition>true</RelativePosition>
		<Location>
			<X>252</X>
			<Y>13</Y>
		</Location>
		<Size>
			<CX>200</CX>
			<CY>16</CY>
		</Size>
		<GaugeOffsetY>0</GaugeOffsetY>
		<TextOffsetX>0</TextOffsetX>
		<TextOffsetY>-50</TextOffsetY>
		<Style_VScroll>false</Style_VScroll>
		<Style_HScroll>false</Style_HScroll>
		<Style_Transparent>false</Style_Transparent>
		<TooltipReference />
		<FillTint>
			<R>240</R>
			<G>0</G>
			<B>0</B>
			<Alpha>255</Alpha>
		</FillTint>
		<LinesFillTint>
			<R>220</R>
			<G>220</G>
			<B>0</B>
		</LinesFillTint>
		<DrawLinesFill>false</DrawLinesFill>
		<EQType>6</EQType>
		<GaugeDrawTemplate>
			<Background>A_Spaghetti_GaugeBackground</Background>
			<Fill>A_Spaghetti_GaugeFill</Fill>
		</GaugeDrawTemplate>
	</Gauge>
	
	<!-- Target Gauge Labels -->
	<Label item="Target_NameLabel">
		<ScreenID>NameLabel</ScreenID>
		<EQType>28</EQType>
		<Font>2</Font>
		<RelativePosition>true</RelativePosition>
		<Location>
			<X>282</X>
			<Y>13</Y>
		</Location>
		<Size>
			<CX>164</CX>
			<CY>16</CY>
		</Size>
		<Text>Playername123456</Text>
		<TextColor>
			<R>255</R>
			<G>255</G>
			<B>255</B>
		</TextColor>
		<NoWrap>true</NoWrap>
		<AlignCenter>false</AlignCenter>
		<AlignRight>true</AlignRight>
	</Label>

	<Label item="Target_HPLabel">
		<ScreenID>HPLabel</ScreenID>
		<EQType>29</EQType>
		<Font>2</Font>
		<RelativePosition>true</RelativePosition>
		<Location>
			<X>252</X>
			<Y>13</Y>
		</Location>
		<Size>
			<CX>24</CX>
			<CY>12</CY>
		</Size>
		<Text>100</Text>
		<TextColor>
			<R>255</R>
			<G>255</G>
			<B>255</B>
		</TextColor>
		<NoWrap>true</NoWrap>
		<AlignCenter>false</AlignCenter>
		<AlignRight>true</AlignRight>
	</Label>

	<Label item="Target_HPPercLabel">
		<ScreenID>HPPercLabel</ScreenID>
		<Font>2</Font>
		<RelativePosition>true</RelativePosition>
		<Location>
			<X>276</X>
			<Y>13</Y>
		</Location>
		<Size>
			<CX>15</CX>
			<CY>12</CY>
		</Size>
		<Text>%</Text>
		<TextColor>
			<R>255</R>
			<G>255</G>
			<B>255</B>
		</TextColor>
		<NoWrap>true</NoWrap>
		<AlignCenter>false</AlignCenter>
		<AlignRight>false</AlignRight>
	</Label>
  
	<!-- COLOR CHANGING GAUGE CODE STARTS HERE -->
	<!-- Gauge Overlay Graphics -->
	<Ui2DAnimation item="A_Color_GaugeFill1">
		<Cycle>true</Cycle>
		<Frames>
			<Texture>Target_Bg.tga</Texture>
			<Location>
				<X>-1840</X>
				<Y>160</Y>
			</Location>
			<Size>
				<CX>10000</CX>
				<CY>16</CY>
			</Size>
			<Hotspot>
				<X>0</X>
				<Y>0</Y>
			</Hotspot>
			<Duration>1000</Duration>
		</Frames>
	</Ui2DAnimation>
	
	<Ui2DAnimation item="A_Color_GaugeFill2">
		<Cycle>true</Cycle>
		<Frames>
			<Texture>Target_Bg.tga</Texture>
			<Location>
				<X>-3880</X>
				<Y>160</Y>
			</Location>
			<Size>
				<CX>10000</CX>
				<CY>16</CY>
			</Size>
			<Hotspot>
				<X>0</X>
				<Y>0</Y>
			</Hotspot>
			<Duration>1000</Duration>
		</Frames>
	</Ui2DAnimation>
	
	<Ui2DAnimation item="A_Color_GaugeFill3">
		<Cycle>true</Cycle>
		<Frames>
			<Texture>Target_Bg.tga</Texture>
			<Location>
				<X>-5920</X>
				<Y>160</Y>
			</Location>
			<Size>
				<CX>10000</CX>
				<CY>16</CY>
			</Size>
			<Hotspot>
				<X>0</X>
				<Y>0</Y>
			</Hotspot>
			<Duration>1000</Duration>
		</Frames>
	</Ui2DAnimation>

	<Ui2DAnimation item="A_Color_GaugeFill4">
		<Cycle>true</Cycle>
		<Frames>
			<Texture>Target_Bg.tga</Texture>
			<Location>
				<X>-7960</X>
				<Y>160</Y>
			</Location>
			<Size>
				<CX>10000</CX>
				<CY>16</CY>
			</Size>
			<Hotspot>
				<X>0</X>
				<Y>0</Y>
			</Hotspot>
			<Duration>1000</Duration>
		</Frames>
	</Ui2DAnimation>

	<!-- Gauges and Screen Pieces -->
	<!-- 1=20-40%	2=40-60%	3=60-80%	4=80-100% -->
	<!-- A=Overlay	B=Gauge		X = Overlay Screen Piece -->
	
	<Gauge item="TW_CCGauge1A">
		<RelativePosition>true</RelativePosition>
		<Location>
			<X>0</X>
			<Y>0</Y>
		</Location>
		<Size>
			<CX>8000</CX>
			<CY>17</CY>
		</Size>
		<GaugeOffsetX>-2000</GaugeOffsetX>
		<GaugeOffsetY>0</GaugeOffsetY>
		<Text />
		<TextOffsetY>-50</TextOffsetY>
		<Style_VScroll>false</Style_VScroll>
		<Style_HScroll>false</Style_HScroll>
		<Style_Transparent>false</Style_Transparent>
		<!--<TooltipReference/>-->
		<FillTint>
			<R>240</R>
			<G>70</G>
			<B>0</B>
		</FillTint>
		<LinesFillTint>
			<R>0</R>
			<G>0</G>
			<B>0</B>
		</LinesFillTint>
		<DrawLinesFill>false</DrawLinesFill>
		<EQType>6</EQType>
		<GaugeDrawTemplate>
		<Fill>A_Color_GaugeFill1</Fill>
		</GaugeDrawTemplate>
	</Gauge>

	<Screen item="TW_CCGauge1A_X">
		<RelativePosition>true</RelativePosition>
		<Location>
			<X>253</X>
			<Y>13</Y>
		</Location>
		<Size>
			<CX>40</CX>
			<CY>15</CY>
		</Size>
		<Style_Transparent>true</Style_Transparent>
		<Pieces>TW_CCGauge1A</Pieces>
	</Screen>

	<Gauge item="TW_CCGauge1B">
		<RelativePosition>true</RelativePosition>
		<Location>
			<X>292</X>
			<Y>13</Y>
		</Location>
		<Size>
			<CX>160</CX>
			<CY>16</CY>
		</Size>
		<GaugeOffsetX>-40</GaugeOffsetX>
		<GaugeOffsetY>0</GaugeOffsetY>
		<Text />
		<TextOffsetY>-50</TextOffsetY>
		<Style_VScroll>false</Style_VScroll>
		<Style_HScroll>false</Style_HScroll>
		<Style_Transparent>false</Style_Transparent>
		<!--<TooltipReference/>-->
		<FillTint>
			<R>240</R>
			<G>70</G>
			<B>0</B>
		</FillTint>
		<LinesFillTint>
			<R>0</R>
			<G>0</G>
			<B>0</B>
		</LinesFillTint>
		<DrawLinesFill>false</DrawLinesFill>
		<EQType>6</EQType>
		<GaugeDrawTemplate>
		<Fill>A_Spaghetti_GaugeFill</Fill>
		</GaugeDrawTemplate>
	</Gauge>

	<Gauge item="TW_CCGauge2A">
		<RelativePosition>true</RelativePosition>
		<Location>
			<X>0</X>
			<Y>0</Y>
		</Location>
		<Size>
			<CX>6000</CX>
			<CY>17</CY>
		</Size>
		<GaugeOffsetX>-4000</GaugeOffsetX>
		<GaugeOffsetY>0</GaugeOffsetY>
		<Text />
		<TextOffsetY>-50</TextOffsetY>
		<Style_VScroll>false</Style_VScroll>
		<Style_HScroll>false</Style_HScroll>
		<Style_Transparent>false</Style_Transparent>
		<!--<TooltipReference/>-->
		<FillTint>
			<R>240</R>
			<G>180</G>
		<B>0</B>
		</FillTint>
		<LinesFillTint>
			<R>0</R>
			<G>0</G>
			<B>0</B>
		</LinesFillTint>
		<DrawLinesFill>false</DrawLinesFill>
		<EQType>6</EQType>
		<GaugeDrawTemplate>
		<Fill>A_Color_GaugeFill2</Fill>
		</GaugeDrawTemplate>
	</Gauge>

	<Screen item="TW_CCGauge2A_X">
		<RelativePosition>true</RelativePosition>
		<Location>
			<X>253</X>
			<Y>13</Y>
		</Location>
		<Size>
			<CX>80</CX>
			<CY>15</CY>
		</Size>
		<Style_Transparent>true</Style_Transparent>
		<Pieces>TW_CCGauge2A</Pieces>
	</Screen>

	<Gauge item="TW_CCGauge2B">
		<RelativePosition>true</RelativePosition>
		<Location>
			<X>332</X>
			<Y>13</Y>
		</Location>
		<Size>
			<CX>120</CX>
			<CY>16</CY>
		</Size>
		<GaugeOffsetX>-80</GaugeOffsetX>
		<GaugeOffsetY>0</GaugeOffsetY>
		<Text />
		<TextOffsetY>-50</TextOffsetY>
		<Style_VScroll>false</Style_VScroll>
		<Style_HScroll>false</Style_HScroll>
		<Style_Transparent>false</Style_Transparent>
		<!--<TooltipReference/>-->
		<FillTint>
			<R>240</R>
			<G>180</G>
			<B>0</B>
		</FillTint>
		<LinesFillTint>
			<R>0</R>
			<G>0</G>
			<B>0</B>
		</LinesFillTint>
		<DrawLinesFill>false</DrawLinesFill>
		<EQType>6</EQType>
		<GaugeDrawTemplate>
		<Fill>A_Spaghetti_GaugeFill</Fill>
		</GaugeDrawTemplate>
	</Gauge>

	<Gauge item="TW_CCGauge3A">
		<RelativePosition>true</RelativePosition>
		<Location>
			<X>0</X>
			<Y>0</Y>
		</Location>
		<Size>
			<CX>4000</CX>
			<CY>17</CY>
		</Size>
		<GaugeOffsetX>-6000</GaugeOffsetX>
		<GaugeOffsetY>0</GaugeOffsetY>
		<Text />
		<TextOffsetY>-50</TextOffsetY>
		<Style_VScroll>false</Style_VScroll>
		<Style_HScroll>false</Style_HScroll>
		<Style_Transparent>false</Style_Transparent>
		<!--<TooltipReference/>-->
		<FillTint>
			<R>20</R>
			<G>100</G>
			<B>0</B>
		</FillTint>
		<LinesFillTint>
			<R>0</R>
			<G>0</G>
			<B>0</B>
		</LinesFillTint>
		<DrawLinesFill>false</DrawLinesFill>
		<EQType>6</EQType>
		<GaugeDrawTemplate>
		<Fill>A_Color_GaugeFill3</Fill>
		</GaugeDrawTemplate>
	</Gauge>

	<Screen item="TW_CCGauge3A_X">
		<RelativePosition>true</RelativePosition>
		<Location>
			<X>253</X>
			<Y>13</Y>
		</Location>
		<Size>
			<CX>120</CX>
			<CY>15</CY>
		</Size>
		<Style_Transparent>true</Style_Transparent>
		<Pieces>TW_CCGauge3A</Pieces>
	</Screen>

	<Gauge item="TW_CCGauge3B">
		<RelativePosition>true</RelativePosition>
		<Location>
			<X>372</X>
			<Y>13</Y>
		</Location>
		<Size>
			<CX>80</CX>
			<CY>16</CY>
		</Size>
		<GaugeOffsetX>-120</GaugeOffsetX>
		<GaugeOffsetY>0</GaugeOffsetY>
		<Text />
		<TextOffsetY>-50</TextOffsetY>
		<Style_VScroll>false</Style_VScroll>
		<Style_HScroll>false</Style_HScroll>
		<Style_Transparent>false</Style_Transparent>
		<!--<TooltipReference/>-->
		<FillTint>
			<R>20</R>
			<G>100</G>
			<B>0</B>
		</FillTint>
		<LinesFillTint>
			<R>0</R>
			<G>0</G>
			<B>0</B>
		</LinesFillTint>
		<DrawLinesFill>false</DrawLinesFill>
		<EQType>6</EQType>
		<GaugeDrawTemplate>
		<Fill>A_Spaghetti_GaugeFill</Fill>
		</GaugeDrawTemplate>
	</Gauge>

	<Gauge item="TW_CCGauge4A">
		<RelativePosition>true</RelativePosition>
		<Location>
			<X>0</X>
			<Y>0</Y>
		</Location>
		<Size>
			<CX>2000</CX>
			<CY>18</CY>
		</Size>
		<GaugeOffsetX>-8000</GaugeOffsetX>
		<GaugeOffsetY>0</GaugeOffsetY>
		<Text />
		<TextOffsetY>-50</TextOffsetY>
		<Style_VScroll>false</Style_VScroll>
		<Style_HScroll>false</Style_HScroll>
		<Style_Transparent>false</Style_Transparent>
		<!--<TooltipReference/>-->
		<FillTint>
			<R>0</R>
			<G>180</G>
			<B>0</B>
		</FillTint>
		<LinesFillTint>
			<R>0</R>
			<G>0</G>
			<B>0</B>
		</LinesFillTint>
		<DrawLinesFill>false</DrawLinesFill>
		<EQType>6</EQType>
		<GaugeDrawTemplate>
		<Fill>A_Color_GaugeFill4</Fill>
		</GaugeDrawTemplate>
	</Gauge>

	<Screen item="TW_CCGauge4A_X">
		<RelativePosition>true</RelativePosition>
		<Location>
			<X>253</X>
			<Y>13</Y>
		</Location>
		<Size>
			<CX>159</CX>
			<CY>15</CY>
		</Size>
		<Style_Transparent>false</Style_Transparent>
		<Pieces>TW_CCGauge4A</Pieces>
	</Screen>

	<Gauge item="TW_CCGauge4B">
		<RelativePosition>true</RelativePosition>
		<Location>
			<X>412</X>
			<Y>13</Y>
		</Location>
		<Size>
			<CX>40</CX>
			<CY>16</CY>
		</Size>
		<GaugeOffsetX>-160</GaugeOffsetX>
		<GaugeOffsetY>0</GaugeOffsetY>
		<Text />
		<TextOffsetY>-50</TextOffsetY>
		<Style_VScroll>false</Style_VScroll>
		<Style_HScroll>false</Style_HScroll>
		<Style_Transparent>false</Style_Transparent>
		<!--<TooltipReference/>-->
		<FillTint>
			<R>0</R>
			<G>180</G>
			<B>0</B>
		</FillTint>
		<LinesFillTint>
			<R>0</R>
			<G>0</G>
			<B>0</B>
		</LinesFillTint>
		<DrawLinesFill>false</DrawLinesFill>
		<EQType>6</EQType>
		<GaugeDrawTemplate>
		<Fill>A_Spaghetti_GaugeFill</Fill>
		</GaugeDrawTemplate>
	</Gauge>
	<!-- COLOR CHANGING GAUGE CODE ENDS HERE -->
  
	<!-- Target Window Configuration -->
	<Screen item="TargetWindow">
		<!--<ScreenID/>-->
		<!--<Font/>-->
		<RelativePosition>false</RelativePosition>
		<Location>
			<X>0</X>
			<Y>5</Y>
		</Location>
		<Size>
			<CX>710</CX>
			<CY>36</CY>
		</Size>
		<Text>Target</Text>
		<Style_Transparent>true</Style_Transparent>
		<TooltipReference>Shows information about your target</TooltipReference>
		<DrawTemplate>WDT_RoundedNoTitle</DrawTemplate>
		<Style_Titlebar>false</Style_Titlebar>
		<Style_Closebox>false</Style_Closebox>
		<Style_Minimizebox>false</Style_Minimizebox>
		<Style_Border>false</Style_Border>
		<Style_Sizable>false</Style_Sizable>
		
		<Pieces>TW_Bg</Pieces>
		<Pieces>TW_PlayerHP_Gauge</Pieces>
		<Pieces>TW_PlayerMana_Gauge</Pieces>
		<Pieces>TW_PlayerMana_Percent</Pieces>
		<Pieces>TW_PlayerHP_Percent</Pieces>
		<Pieces>TW_PetGauge</Pieces>
		<Pieces>Mini_GF1_Gauge</Pieces>
		<Pieces>Mini_GF2_Gauge</Pieces>
		<Pieces>Mini_GF3_Gauge</Pieces>
		<Pieces>Mini_GF4_Gauge</Pieces>
		<Pieces>Mini_GF5_Gauge</Pieces>
		<Pieces>Target_HP</Pieces>
		<Pieces>TW_CCGauge1A_X</Pieces>
		<Pieces>TW_CCGauge1B</Pieces>
		<Pieces>TW_CCGauge2A_X</Pieces>
		<Pieces>TW_CCGauge2B</Pieces>
		<Pieces>TW_CCGauge3A_X</Pieces>
		<Pieces>TW_CCGauge3B</Pieces>
		<Pieces>TW_CCGauge4A_X</Pieces>
		<Pieces>TW_CCGauge4B</Pieces>
		<Pieces>CastingSpell_Gauge</Pieces>
		<Pieces>Target_HPLabel</Pieces>
		<Pieces>Target_NameLabel</Pieces>
		<Pieces>Target_HPPercLabel</Pieces>
		<Pieces>A_TargetBoxStaticAnimTop</Pieces>
		<Pieces>A_TargetBoxStaticAnimBottom</Pieces>
		<Pieces>A_TargetBoxStaticAnimLeft</Pieces>
		<Pieces>A_TargetBoxStaticAnimRight</Pieces>
		<!-- <Pieces>A_TargetIndicatorAnimFill</Pieces> -->
	</Screen>
	
</XML>
