<?xml version="1.0" encoding="us-ascii"?>
<XML ID="EQInterfaceDefinitionLanguage">
  <Schema xmlns="EverQuestData" xmlns:dt="EverQuestDataTypes" />
  <Label item="BZR_SearchResultLabel">
    <ScreenID>BZR_SearchResultLabel</ScreenID>
    <!--<Font>3</Font>-->
    <RelativePosition>true</RelativePosition>
    <Location>
      <X>108</X>
      <Y>3</Y>
    </Location>
    <Size>
      <CX>38</CX>
      <CY>15</CY>
    </Size>
    <Text>Search Result</Text>
    <TextColor>
      <R>255</R>
      <G>255</G>
      <B>255</B>
    </TextColor>
    <NoWrap>true</NoWrap>
    <AlignCenter>false</AlignCenter>
    <AlignRight>false</AlignRight>
    <Font>2</Font>
  </Label>
  <Listbox item="BZR_ItemList">
    <ScreenID>BZR_ItemList</ScreenID>
    <DrawTemplate>WDT_Inner</DrawTemplate>
    <AutoStretch>true</AutoStretch>
    <LeftAnchorOffset>3</LeftAnchorOffset>
    <TopAnchorOffset>78</TopAnchorOffset>
    <RightAnchorOffset>3</RightAnchorOffset>
    <BottomAnchorOffset>3</BottomAnchorOffset>
    <TopAnchorToTop>true</TopAnchorToTop>
    <BottomAnchorToTop>false</BottomAnchorToTop>
    <LeftAnchorToLeft>true</LeftAnchorToLeft>
    <RightAnchorToLeft>false</RightAnchorToLeft>
    <Location>
      <X>145</X>
      <Y>20</Y>
    </Location>
    <Size>
      <CX>340</CX>
      <CY>272</CY>
    </Size>
    <TextColor>
      <R>255</R>
      <G>255</G>
      <B>255</B>
    </TextColor>
    <Style_Border>true</Style_Border>
    <Style_VScroll>true</Style_VScroll>
    <Font>2</Font>
    <Columns>
      <Width>160</Width>
      <Heading>Item Name</Heading>
      <Sortable>True</Sortable>
    </Columns>
    <Columns>
      <Width>75</Width>
      <Heading>Price</Heading>
      <Sortable>True</Sortable>
    </Columns>
    <Columns>
      <Width>90</Width>
      <Heading>Seller</Heading>
      <Sortable>True</Sortable>
    </Columns>
    <Columns>
      <Width>80</Width>
      <Heading>Stat</Heading>
      <Sortable>True</Sortable>
    </Columns>
  </Listbox>
  <Button item="BZR_Default">
    <ScreenID>BZR_Default</ScreenID>
    <!--<Font>3</Font>-->
    <RelativePosition>true</RelativePosition>
    <Location>
      <X>65</X>
      <Y>3</Y>
    </Location>
    <Size>
      <CX>35</CX>
      <CY>16</CY>
    </Size>
    <Text>Reset</Text>
    <TextColor>
      <R>255</R>
      <G>255</G>
      <B>0</B>
    </TextColor>
    <ButtonDrawTemplate>
      <Normal>A_BtnNormal</Normal>
      <Pressed>A_BtnPressed</Pressed>
      <Flyby>A_BtnFlyby</Flyby>
      <Disabled>A_BtnDisabled</Disabled>
      <PressedFlyby>A_BtnPressedFlyby</PressedFlyby>
    </ButtonDrawTemplate>
    <!--<SoundPressed/>-->
    <!--<SoundUp/>-->
    <!--<SoundFlyby/>-->
    <Font>2</Font>
  </Button>
  <Button item="BZR_WelcomeButton">
    <ScreenID>BZR_WelcomeButton</ScreenID>
    <!--<Font>3</Font>-->
    <RelativePosition>true</RelativePosition>
    <AutoStretch>False</AutoStretch>
    <LeftAnchorOffset>0</LeftAnchorOffset>
    <TopAnchorOffset>0</TopAnchorOffset>
    <RightAnchorOffset>0</RightAnchorOffset>
    <BottomAnchorOffset>0</BottomAnchorOffset>
    <TopAnchorToTop>True</TopAnchorToTop>
    <BottomAnchorToTop>True</BottomAnchorToTop>
    <LeftAnchorToLeft>true</LeftAnchorToLeft>
    <RightAnchorToLeft>true</RightAnchorToLeft>
    <Text>Welcome</Text>
    <TextColor>
      <R>0</R>
      <G>255</G>
      <B>0</B>
    </TextColor>
    <ButtonDrawTemplate>
      <Normal>A_BtnNormal</Normal>
      <Pressed>A_BtnPressed</Pressed>
      <Flyby>A_BtnFlyby</Flyby>
      <Disabled>A_BtnDisabled</Disabled>
      <PressedFlyby>A_BtnPressedFlyby</PressedFlyby>
    </ButtonDrawTemplate>
    <!--<SoundPressed/>-->
    <!--<SoundUp/>-->
    <!--<SoundFlyby/>-->
    <Size>
      <CX>62</CX>
      <CY>16</CY>
    </Size>
    <Location>
      <X>329</X>
      <Y>3</Y>
    </Location>
    <Font>2</Font>
  </Button>
  <Button item="BZR_UpdatePlayerButton">
    <ScreenID>BZR_UpdatePlayerButton</ScreenID>
    <!--<Font>3</Font>-->
    <RelativePosition>true</RelativePosition>
    <AutoStretch>False</AutoStretch>
    <LeftAnchorOffset>0</LeftAnchorOffset>
    <TopAnchorOffset>0</TopAnchorOffset>
    <RightAnchorOffset>0</RightAnchorOffset>
    <BottomAnchorOffset>0</BottomAnchorOffset>
    <TopAnchorToTop>True</TopAnchorToTop>
    <BottomAnchorToTop>True</BottomAnchorToTop>
    <LeftAnchorToLeft>true</LeftAnchorToLeft>
    <RightAnchorToLeft>true</RightAnchorToLeft>
    <Text>Update Traders</Text>
    <TextColor>
      <R>0</R>
      <G>255</G>
      <B>0</B>
    </TextColor>
    <ButtonDrawTemplate>
      <Normal>A_BtnNormal</Normal>
      <Pressed>A_BtnPressed</Pressed>
      <Flyby>A_BtnFlyby</Flyby>
      <Disabled>A_BtnDisabled</Disabled>
      <PressedFlyby>A_BtnPressedFlyby</PressedFlyby>
    </ButtonDrawTemplate>
    <!--<SoundPressed/>-->
    <!--<SoundUp/>-->
    <!--<SoundFlyby/>-->
    <Size>
      <CX>87</CX>
      <CY>16</CY>
    </Size>
    <Location>
      <X>102</X>
      <Y>3</Y>
    </Location>
    <Font>2</Font>
  </Button>
  <Button item="BZR_RequestItemButton">
    <ScreenID>BZR_RequestItemButton</ScreenID>
    <!--<Font>3</Font>-->
    <RelativePosition>true</RelativePosition>
    <AutoStretch>False</AutoStretch>
    <LeftAnchorOffset>0</LeftAnchorOffset>
    <TopAnchorOffset>0</TopAnchorOffset>
    <RightAnchorOffset>0</RightAnchorOffset>
    <BottomAnchorOffset>0</BottomAnchorOffset>
    <TopAnchorToTop>True</TopAnchorToTop>
    <BottomAnchorToTop>True</BottomAnchorToTop>
    <LeftAnchorToLeft>true</LeftAnchorToLeft>
    <RightAnchorToLeft>true</RightAnchorToLeft>
    <Text>Inspect Item</Text>
    <TextColor>
      <R>0</R>
      <G>255</G>
      <B>0</B>
    </TextColor>
    <ButtonDrawTemplate>
      <Normal>A_BtnNormal</Normal>
      <Pressed>A_BtnPressed</Pressed>
      <Flyby>A_BtnFlyby</Flyby>
      <Disabled>A_BtnDisabled</Disabled>
      <PressedFlyby>A_BtnPressedFlyby</PressedFlyby>
    </ButtonDrawTemplate>
    <!--<SoundPressed/>-->
    <!--<SoundUp/>-->
    <!--<SoundFlyby/>-->
    <Size>
      <CX>70</CX>
      <CY>16</CY>
    </Size>
    <Location>
      <X>257</X>
      <Y>3</Y>
    </Location>
    <Font>2</Font>
  </Button>
  <Button item="BZR_FindTraderButton">
    <ScreenID>BZR_FindTraderButton</ScreenID>
    <!--<Font>3</Font>-->
    <RelativePosition>true</RelativePosition>
    <AutoStretch>False</AutoStretch>
    <LeftAnchorOffset>0</LeftAnchorOffset>
    <TopAnchorOffset>0</TopAnchorOffset>
    <RightAnchorOffset>0</RightAnchorOffset>
    <BottomAnchorOffset>0</BottomAnchorOffset>
    <TopAnchorToTop>True</TopAnchorToTop>
    <BottomAnchorToTop>True</BottomAnchorToTop>
    <LeftAnchorToLeft>true</LeftAnchorToLeft>
    <RightAnchorToLeft>true</RightAnchorToLeft>
    <Text>Find Trader</Text>
    <TextColor>
      <R>0</R>
      <G>255</G>
      <B>0</B>
    </TextColor>
    <ButtonDrawTemplate>
      <Normal>A_BtnNormal</Normal>
      <Pressed>A_BtnPressed</Pressed>
      <Flyby>A_BtnFlyby</Flyby>
      <Disabled>A_BtnDisabled</Disabled>
      <PressedFlyby>A_BtnPressedFlyby</PressedFlyby>
    </ButtonDrawTemplate>
    <!--<SoundPressed/>-->
    <!--<SoundUp/>-->
    <!--<SoundFlyby/>-->
    <Size>
      <CX>64</CX>
      <CY>16</CY>
    </Size>
    <Location>
      <X>191</X>
      <Y>3</Y>
    </Location>
    <Font>2</Font>
  </Button>
  <Button item="BZR_HideTradersButton">
    <ScreenID>BZR_HideTradersButton</ScreenID>
    <!--<Font>3</Font>-->
    <RelativePosition>true</RelativePosition>
    <AutoStretch>False</AutoStretch>
    <LeftAnchorOffset>0</LeftAnchorOffset>
    <TopAnchorOffset>0</TopAnchorOffset>
    <RightAnchorOffset>0</RightAnchorOffset>
    <BottomAnchorOffset>0</BottomAnchorOffset>
    <TopAnchorToTop>True</TopAnchorToTop>
    <BottomAnchorToTop>True</BottomAnchorToTop>
    <LeftAnchorToLeft>true</LeftAnchorToLeft>
    <RightAnchorToLeft>true</RightAnchorToLeft>
    <Style_Checkbox>true</Style_Checkbox>
    <Text>Hide Traders</Text>
    <TextColor>
      <R>255</R>
      <G>255</G>
      <B>0</B>
    </TextColor>
    <ButtonDrawTemplate>
      <Normal>A_BtnNormal</Normal>
      <Pressed>A_BtnPressed</Pressed>
      <Flyby>A_BtnFlyby</Flyby>
      <Disabled>A_BtnDisabled</Disabled>
      <PressedFlyby>A_BtnPressedFlyby</PressedFlyby>
    </ButtonDrawTemplate>
    <!--<SoundPressed/>-->
    <!--<SoundUp/>-->
    <!--<SoundFlyby/>-->
    <Size>
      <CX>73</CX>
      <CY>16</CY>
    </Size>
    <Location>
      <X>393</X>
      <Y>3</Y>
    </Location>
    <Font>2</Font>
  </Button>
  <Button item="BZR_QueryButton">
    <ScreenID>BZR_QueryButton</ScreenID>
    <!--<Font>3</Font>-->
    <RelativePosition>true</RelativePosition>
    <Location>
      <X>3</X>
      <Y>3</Y>
    </Location>
    <Size>
      <CX>60</CX>
      <CY>16</CY>
    </Size>
    <Text>Find Items</Text>
    <TextColor>
      <R>0</R>
      <G>255</G>
      <B>0</B>
    </TextColor>
    <ButtonDrawTemplate>
      <Normal>A_BtnNormal</Normal>
      <Pressed>A_BtnPressed</Pressed>
      <Flyby>A_BtnFlyby</Flyby>
      <Disabled>A_BtnDisabled</Disabled>
      <PressedFlyby>A_BtnPressedFlyby</PressedFlyby>
    </ButtonDrawTemplate>
    <!--<SoundPressed/>-->
    <!--<SoundUp/>-->
    <!--<SoundFlyby/>-->
    <Font>2</Font>
  </Button>
  <Label item="BZR_ItemNameLabel">
    <ScreenID>BZR_ItemNameLabel</ScreenID>
    <!--<Font>3</Font>-->
    <RelativePosition>true</RelativePosition>
    <Location>
      <X>109</X>
      <Y>3</Y>
    </Location>
    <Size>
      <CX>53</CX>
      <CY>15</CY>
    </Size>
    <Text>Item Name</Text>
    <TextColor>
      <R>255</R>
      <G>255</G>
      <B>255</B>
    </TextColor>
    <NoWrap>true</NoWrap>
    <AlignCenter>false</AlignCenter>
    <AlignRight>false</AlignRight>
    <Font>2</Font>
  </Label>
  <Editbox item="BZR_ItemNameInput">
    <ScreenID>BZR_ItemNameInput</ScreenID>
    <DrawTemplate>WDT_Inner</DrawTemplate>
    <RelativePosition>true</RelativePosition>
    <Style_Border>true</Style_Border>
    <Location>
      <X>3</X>
      <Y>22</Y>
    </Location>
    <Size>
      <CX>108</CX>
      <CY>25</CY>
    </Size>
    <TextColor>
      <R>255</R>
      <G>255</G>
      <B>255</B>
    </TextColor>
    <Font>2</Font>
  </Editbox>
  <Editbox item="BZR_MaxPriceInput">
    <ScreenID>BZR_MaxPriceInput</ScreenID>
    <DrawTemplate>WDT_Inner</DrawTemplate>
    <RelativePosition>true</RelativePosition>
    <Style_Border>true</Style_Border>
    <Location>
      <X>403</X>
      <Y>50</Y>
    </Location>
    <Size>
      <CX>63</CX>
      <CY>25</CY>
    </Size>
    <TextColor>
      <R>255</R>
      <G>255</G>
      <B>255</B>
    </TextColor>
    <Font>2</Font>
    <TooltipReference>Max Price</TooltipReference>
  </Editbox>
  <Editbox item="BZR_MinPriceInput">
    <ScreenID>BZR_MinPriceInput</ScreenID>
    <DrawTemplate>WDT_Inner</DrawTemplate>
    <RelativePosition>true</RelativePosition>
    <Style_Border>true</Style_Border>
    <Location>
      <X>336</X>
      <Y>50</Y>
    </Location>
    <Size>
      <CX>63</CX>
      <CY>25</CY>
    </Size>
    <TextColor>
      <R>255</R>
      <G>255</G>
      <B>255</B>
    </TextColor>
    <Font>2</Font>
    <TooltipReference>Min Price</TooltipReference>
  </Editbox>
  <!-- 4/12/2005 patch - added by Farlaan McVeggor-->
  <Editbox item = "BZR_MaxLevelInput">
    <ScreenID>BZR_MaxLevelInput</ScreenID>
    <DrawTemplate>WDT_Inner</DrawTemplate>
    <RelativePosition>true</RelativePosition>
    <Style_Border>true</Style_Border>
    <Location>
      <X>470</X>
      <Y>50</Y>
    </Location>
    <Size>
      <CX>63</CX>
      <CY>25</CY>
    </Size>
    <TextColor>
      <R>255</R>
      <G>255</G>
      <B>255</B>
    </TextColor>
    <TooltipReference>Max Level</TooltipReference>
  </Editbox>
  <Editbox item = "BZR_MinLevelInput">
    <ScreenID>BZR_MinLevelInput</ScreenID>
    <DrawTemplate>WDT_Inner</DrawTemplate>
    <RelativePosition>true</RelativePosition>
    <Style_Border>true</Style_Border>
    <Location>
      <X>470</X>
      <Y>22</Y>
    </Location>
    <Size>
      <CX>63</CX>
      <CY>25</CY>
    </Size>
    <TextColor>
      <R>255</R>
      <G>255</G>
      <B>255</B>
    </TextColor>
    <TooltipReference>Min Level</TooltipReference>
  </Editbox>
  <!-- end patch addition -->
  <Label item="BZR_PlayersLabel">
    <ScreenID>BZR_PlayersLabel</ScreenID>
    <!--<Font>3</Font>-->
    <RelativePosition>true</RelativePosition>
    <Location>
      <X>114</X>
      <Y>3</Y>
    </Location>
    <Size>
      <CX>25</CX>
      <CY>15</CY>
    </Size>
    <Text>Traders</Text>
    <TextColor>
      <R>255</R>
      <G>255</G>
      <B>255</B>
    </TextColor>
    <NoWrap>true</NoWrap>
    <AlignCenter>false</AlignCenter>
    <AlignRight>false</AlignRight>
    <Font>2</Font>
  </Label>
  <Label item="BZR_MaxPriceLabel">
    <ScreenID>BZR_MaxPriceLabel</ScreenID>
    <!--<Font>3</Font>-->
    <RelativePosition>true</RelativePosition>
    <Location>
      <X>146</X>
      <Y>3</Y>
    </Location>
    <Size>
      <CX>1</CX>
      <CY>15</CY>
    </Size>
    <Text>Max Price</Text>
    <TextColor>
      <R>255</R>
      <G>255</G>
      <B>255</B>
    </TextColor>
    <NoWrap>true</NoWrap>
    <AlignCenter>false</AlignCenter>
    <AlignRight>false</AlignRight>
    <Font>2</Font>
  </Label>
  <Label item="BZR_MinPriceLabel">
    <ScreenID>BZR_MinPriceLabel</ScreenID>
    <!--<Font>3</Font>-->
    <RelativePosition>true</RelativePosition>
    <Location>
      <X>146</X>
      <Y>3</Y>
    </Location>
    <Size>
      <CX>2</CX>
      <CY>15</CY>
    </Size>
    <Text>Min Price</Text>
    <TextColor>
      <R>255</R>
      <G>255</G>
      <B>255</B>
    </TextColor>
    <NoWrap>true</NoWrap>
    <AlignCenter>false</AlignCenter>
    <AlignRight>false</AlignRight>
    <Font>2</Font>
  </Label>
  <Combobox item="BZR_PlayersCombobox">
    <ScreenID>BZR_PlayersCombobox</ScreenID>
    <DrawTemplate>WDT_Inner</DrawTemplate>
    <Location>
      <X>3</X>
      <Y>50</Y>
    </Location>
    <Size>
      <CX>108</CX>
      <CY>25</CY>
    </Size>
    <TextColor>
      <R>255</R>
      <G>255</G>
      <B>255</B>
    </TextColor>
    <ListHeight>250</ListHeight>
    <Button>BDT_Combo</Button>
    <Style_Border>true</Style_Border>
    <Font>2</Font>
  </Combobox>
  <Label item="BZR_ItemSlotLabel">
    <ScreenID>BZR_ItemSlotLabel</ScreenID>
    <!--<Font>3</Font>-->
    <RelativePosition>true</RelativePosition>
    <Location>
      <X>108</X>
      <Y>3</Y>
    </Location>
    <Size>
      <CX>43</CX>
      <CY>15</CY>
    </Size>
    <Text>Select By Slot</Text>
    <TextColor>
      <R>255</R>
      <G>255</G>
      <B>255</B>
    </TextColor>
    <NoWrap>true</NoWrap>
    <AlignCenter>false</AlignCenter>
    <AlignRight>false</AlignRight>
    <Font>2</Font>
  </Label>
  <Combobox item="BZR_ItemSlotCombobox">
    <ScreenID>BZR_ItemSlotCombobox</ScreenID>
    <DrawTemplate>WDT_Inner</DrawTemplate>
    <Location>
      <X>225</X>
      <Y>22</Y>
    </Location>
    <Size>
      <CX>108</CX>
      <CY>25</CY>
    </Size>
    <TextColor>
      <R>255</R>
      <G>255</G>
      <B>255</B>
    </TextColor>
    <ListHeight>250</ListHeight>
    <Button>BDT_Combo</Button>
    <Style_Border>true</Style_Border>
    <Font>2</Font>
  </Combobox>
  <Label item="BZR_StatSlotLabel">
    <ScreenID>BZR_StatSlotLabel</ScreenID>
    <!--<Font>3</Font>-->
    <RelativePosition>true</RelativePosition>
    <Location>
      <X>108</X>
      <Y>3</Y>
    </Location>
    <Size>
      <CX>46</CX>
      <CY>15</CY>
    </Size>
    <Text>Select By Stat</Text>
    <TextColor>
      <R>255</R>
      <G>255</G>
      <B>255</B>
    </TextColor>
    <NoWrap>true</NoWrap>
    <AlignCenter>false</AlignCenter>
    <AlignRight>false</AlignRight>
    <Font>2</Font>
  </Label>
  <Combobox item="BZR_StatSlotCombobox">
    <ScreenID>BZR_StatSlotCombobox</ScreenID>
    <DrawTemplate>WDT_Inner</DrawTemplate>
    <Location>
      <X>225</X>
      <Y>50</Y>
    </Location>
    <Size>
      <CX>108</CX>
      <CY>25</CY>
    </Size>
    <TextColor>
      <R>255</R>
      <G>255</G>
      <B>255</B>
    </TextColor>
    <ListHeight>250</ListHeight>
    <Button>BDT_Combo</Button>
    <Style_Border>true</Style_Border>
    <Font>2</Font>
  </Combobox>
  <Label item="BZR_RaceSlotLabel">
    <ScreenID>BZR_RaceSlotLabel</ScreenID>
    <!--<Font>3</Font>-->
    <RelativePosition>true</RelativePosition>
    <Location>
      <X>108</X>
      <Y>3</Y>
    </Location>
    <Size>
      <CX>37</CX>
      <CY>15</CY>
    </Size>
    <Text>Select By Race</Text>
    <TextColor>
      <R>255</R>
      <G>255</G>
      <B>255</B>
    </TextColor>
    <NoWrap>true</NoWrap>
    <AlignCenter>false</AlignCenter>
    <AlignRight>false</AlignRight>
    <Font>2</Font>
  </Label>
  <Combobox item="BZR_RaceSlotCombobox">
    <ScreenID>BZR_RaceSlotCombobox</ScreenID>
    <DrawTemplate>WDT_Inner</DrawTemplate>
    <Location>
      <X>114</X>
      <Y>22</Y>
    </Location>
    <Size>
      <CX>108</CX>
      <CY>25</CY>
    </Size>
    <TextColor>
      <R>255</R>
      <G>255</G>
      <B>255</B>
    </TextColor>
    <ListHeight>250</ListHeight>
    <Button>BDT_Combo</Button>
    <Style_Border>true</Style_Border>
    <Font>2</Font>
  </Combobox>
  <Label item="BZR_ClassSlotLabel">
    <ScreenID>BZR_ClassSlotLabel</ScreenID>
    <!--<Font>3</Font>-->
    <RelativePosition>true</RelativePosition>
    <Location>
      <X>108</X>
      <Y>3</Y>
    </Location>
    <Size>
      <CX>43</CX>
      <CY>15</CY>
    </Size>
    <Text>Select By Class</Text>
    <TextColor>
      <R>255</R>
      <G>255</G>
      <B>255</B>
    </TextColor>
    <NoWrap>true</NoWrap>
    <AlignCenter>false</AlignCenter>
    <AlignRight>false</AlignRight>
    <Font>2</Font>
  </Label>
  <Combobox item="BZR_ClassSlotCombobox">
    <ScreenID>BZR_ClassSlotCombobox</ScreenID>
    <DrawTemplate>WDT_Inner</DrawTemplate>
    <Location>
      <X>114</X>
      <Y>50</Y>
    </Location>
    <Size>
      <CX>108</CX>
      <CY>25</CY>
    </Size>
    <TextColor>
      <R>255</R>
      <G>255</G>
      <B>255</B>
    </TextColor>
    <ListHeight>250</ListHeight>
    <Button>BDT_Combo</Button>
    <Style_Border>true</Style_Border>
    <Font>2</Font>
  </Combobox>
  <Label item="BZR_ItemTypeLabel">
    <ScreenID>BZR_ItemTypeLabel</ScreenID>
    <!--<Font>3</Font>-->
    <RelativePosition>true</RelativePosition>
    <Location>
      <X>108</X>
      <Y>3</Y>
    </Location>
    <Size>
      <CX>35</CX>
      <CY>15</CY>
    </Size>
    <Text>Select By Type</Text>
    <TextColor>
      <R>255</R>
      <G>255</G>
      <B>255</B>
    </TextColor>
    <NoWrap>true</NoWrap>
    <AlignCenter>false</AlignCenter>
    <AlignRight>false</AlignRight>
    <Font>2</Font>
  </Label>
  <Combobox item="BZR_ItemTypeCombobox">
    <ScreenID>BZR_ItemTypeCombobox</ScreenID>
    <DrawTemplate>WDT_Inner</DrawTemplate>
    <Location>
      <X>336</X>
      <Y>22</Y>
    </Location>
    <Size>
      <CX>130</CX>
      <CY>25</CY>
    </Size>
    <TextColor>
      <R>255</R>
      <G>255</G>
      <B>255</B>
    </TextColor>
    <ListHeight>250</ListHeight>
    <Button>BDT_Combo</Button>
    <Style_Border>true</Style_Border>
    <Font>2</Font>
  </Combobox>
  <Screen item="BazaarSearchWnd">
    <ScreenID />
    <RelativePosition>false</RelativePosition>
    <Location>
      <X>100</X>
      <Y>50</Y>
    </Location>
    <Size>
      <CX>610</CX>
      <CY>313</CY>
    </Size>
    <Text>Bazaar Search Window</Text>
    <Style_Transparent>false</Style_Transparent>
    <!--<TooltipReference/>-->
    <DrawTemplate>WDT_Rounded</DrawTemplate>
    <Style_Titlebar>true</Style_Titlebar>
    <Style_Closebox>true</Style_Closebox>
    <Style_Minimizebox>true</Style_Minimizebox>
    <Style_Border>true</Style_Border>
    <Style_Sizable>true</Style_Sizable>
    <Font>2</Font>
    <Pieces>BZR_ItemList</Pieces>
    <Pieces>BZR_MaxPriceInput</Pieces>
    <Pieces>BZR_MinPriceInput</Pieces>
    <Pieces>BZR_MaxLevelInput</Pieces>
    <Pieces>BZR_MinLevelInput</Pieces>
    <Pieces>BZR_MaxPriceLabel</Pieces>
    <Pieces>BZR_MinPriceLabel</Pieces>
    <Pieces>BZR_ItemNameInput</Pieces>
    <Pieces>BZR_QueryButton</Pieces>
    <Pieces>BZR_ItemNameLabel</Pieces>
    <Pieces>BZR_PlayersLabel</Pieces>
    <Pieces>BZR_ItemSlotLabel</Pieces>
    <Pieces>BZR_StatSlotLabel</Pieces>
    <Pieces>BZR_RaceSlotLabel</Pieces>
    <Pieces>BZR_ClassSlotLabel</Pieces>
    <Pieces>BZR_ItemTypeLabel</Pieces>
    <Pieces>BZR_ItemTypeCombobox</Pieces>
    <Pieces>BZR_ClassSlotCombobox</Pieces>
    <Pieces>BZR_RaceSlotCombobox</Pieces>
    <Pieces>BZR_StatSlotCombobox</Pieces>
    <Pieces>BZR_ItemSlotCombobox</Pieces>
    <Pieces>BZR_PlayersCombobox</Pieces>
    <Pieces>BZR_SearchResultLabel</Pieces>
    <Pieces>BZR_WelcomeButton</Pieces>
    <Pieces>BZR_UpdatePlayerButton</Pieces>
    <Pieces>BZR_RequestItemButton</Pieces>
    <Pieces>BZR_FindTraderButton</Pieces>
    <Pieces>BZR_HideTradersButton</Pieces>
    <Pieces>BZR_Default</Pieces>
  </Screen>
</XML>
