<?xml version="1.0" encoding="us-ascii"?>
<XML ID="EQInterfaceDefinitionLanguage">
  <Schema xmlns="EverQuestData" xmlns:dt="EverQuestDataTypes" />

	<!-- Defined Texture Files -->
	<TextureInfo item="Target_bg.tga">
		<Size>
			<CX>1024</CX>
			<CY>512</CY>
		</Size>
	</TextureInfo>
  
	<TextureInfo item="AttackIndicator.tga">
		<Size>
			<CX>128</CX>
			<CY>32</CY>
		</Size>
	</TextureInfo>
	
	<!-- Attack Indicator Graphics -->
	
	<Ui2DAnimation item="A_AttackIndicator">
		<Cycle>false</Cycle>
		<Frames>
			<Texture>AttackIndicator.tga</Texture>
			<Location>
				<X>-1</X>
				<Y>0</Y>
			</Location>
			<Size>
				<CX>256</CX>
				<CY>256</CY>
			</Size>
		</Frames>
	</Ui2DAnimation>
 
	<Ui2DAnimation item="A_AttackIndicatorTop">
		<Cycle>false</Cycle>
		<Frames>
			<Texture>AttackIndicator.tga</Texture>
			<Location>
				<X>0</X>
				<Y>0</Y>
			</Location>
			<Size>
				<CX>112</CX>
				<CY>2</CY>
			</Size>
		</Frames>
	</Ui2DAnimation>
	
	<Ui2DAnimation item="A_AttackIndicatorBottom">
		<Cycle>false</Cycle>
		<Frames>
			<Texture>AttackIndicator.tga</Texture>
			<Location>
				<X>0</X>
				<Y>29</Y>
			</Location>
			<Size>
				<CX>112</CX>
				<CY>3</CY>
			</Size>
		</Frames>
	</Ui2DAnimation>
	
	<Ui2DAnimation item="A_AttackIndicatorLeft">
		<Cycle>false</Cycle>
		<Frames>
			<Texture>AttackIndicator.tga</Texture>
			<Location>
				<X>0</X>
				<Y>2</Y>
			</Location>
			<Size>
				<CX>3</CX>
				<CY>27</CY>
			</Size>
		</Frames>
	</Ui2DAnimation>
	
	<Ui2DAnimation item="A_AttackIndicatorRight">
		<Cycle>false</Cycle>
		<Frames>
			<Texture>AttackIndicator.tga</Texture>
			<Location>
				<X>111</X>
				<Y>3</Y>
			</Location>
			<Size>
				<CX>1</CX>
				<CY>26</CY>
			</Size>
		</Frames>
	</Ui2DAnimation>
	
	<Ui2DAnimation item="A_AttackIndicatorFill">
		<Cycle>false</Cycle>
		<Frames>
			<Texture>AttackIndicator.tga</Texture>
			<Location>
				<X>4</X>
				<Y>4</Y>
			</Location>
			<Size>
				<CX>104</CX>
				<CY>24</CY>
			</Size>
		</Frames>
	</Ui2DAnimation>
	
	<!-- Attack Indicator Properties  USE THIS TO MOVE THE ATTACK INDICATOR -->
	<StaticAnimation item="A_AttackIndicatorAnimTop">
		<ScreenID>A_AttackIndicatorAnimTop</ScreenID>
		<Animation>A_AttackIndicatorTop</Animation>
		<AutoDraw>false</AutoDraw>
		<AutoStretch>true</AutoStretch>
		<TopAnchorOffset>1</TopAnchorOffset>
		<BottomAnchorOffset>3</BottomAnchorOffset>
		<LeftAnchorOffset>84</LeftAnchorOffset>
		<RightAnchorOffset>84</RightAnchorOffset>
		<TopAnchorToTop>true</TopAnchorToTop>
		<BottomAnchorToTop>true</BottomAnchorToTop>
		<LeftAnchorToLeft>true</LeftAnchorToLeft>
		<RightAnchorToLeft>false</RightAnchorToLeft>
	</StaticAnimation>
	
	<StaticAnimation item="A_AttackIndicatorAnimBottom">
		<ScreenID>A_AttackIndicatorAnimBottom</ScreenID>
		<Animation>A_AttackIndicatorBottom</Animation>
		<AutoDraw>false</AutoDraw>
		<AutoStretch>true</AutoStretch>
		<TopAnchorOffset>22</TopAnchorOffset>
		<BottomAnchorOffset>25</BottomAnchorOffset>
		<LeftAnchorOffset>84</LeftAnchorOffset>
		<RightAnchorOffset>84</RightAnchorOffset>
		<TopAnchorToTop>true</TopAnchorToTop>
		<BottomAnchorToTop>true</BottomAnchorToTop>
		<LeftAnchorToLeft>true</LeftAnchorToLeft>
		<RightAnchorToLeft>false</RightAnchorToLeft>
	</StaticAnimation>
	
	<StaticAnimation item="A_AttackIndicatorAnimLeft">
		<ScreenID>A_AttackIndicatorAnimLeft</ScreenID>
		<Animation>A_AttackIndicatorLeft</Animation>
		<AutoDraw>false</AutoDraw>
		<AutoStretch>true</AutoStretch>
		<TopAnchorOffset>3</TopAnchorOffset>
		<BottomAnchorOffset>24</BottomAnchorOffset>
		<LeftAnchorOffset>84</LeftAnchorOffset>
		<RightAnchorOffset>87</RightAnchorOffset>		
		<TopAnchorToTop>true</TopAnchorToTop>
		<BottomAnchorToTop>true</BottomAnchorToTop>
		<LeftAnchorToLeft>true</LeftAnchorToLeft>
		<RightAnchorToLeft>true</RightAnchorToLeft>
	</StaticAnimation>
	
	<StaticAnimation item="A_AttackIndicatorAnimRight">
		<ScreenID>A_AttackIndicatorAnimRight</ScreenID>
		<Animation>A_AttackIndicatorRight</Animation>
		<AutoDraw>false</AutoDraw>
		<AutoStretch>true</AutoStretch>
		<TopAnchorOffset>3</TopAnchorOffset>
		<BottomAnchorOffset>24</BottomAnchorOffset>
		<LeftAnchorOffset>84</LeftAnchorOffset>
		<RightAnchorOffset>86</RightAnchorOffset>
		<TopAnchorToTop>true</TopAnchorToTop>
		<BottomAnchorToTop>true</BottomAnchorToTop>
		<LeftAnchorToLeft>false</LeftAnchorToLeft>
		<RightAnchorToLeft>false</RightAnchorToLeft>
	</StaticAnimation>
	
	<StaticAnimation item="A_AttackIndicatorAnimFill">
		<ScreenID>A_AttackIndicatorAnimFill</ScreenID>
		<Animation>A_AttackIndicatorFill</Animation>
		<AutoDraw>false</AutoDraw>
		<AutoStretch>true</AutoStretch>
		<LeftAnchorOffset>87</LeftAnchorOffset>
		<TopAnchorOffset>3</TopAnchorOffset>
		<RightAnchorOffset>84</RightAnchorOffset>
		<BottomAnchorOffset>23</BottomAnchorOffset>
		<BottomAnchorToTop>true</BottomAnchorToTop>
		<RightAnchorToLeft>false</RightAnchorToLeft>
	</StaticAnimation>
	
	<!-- Combat Status Graphics -->
	<Ui2DAnimation item="A_PWCSInCombat">
		<Cycle>true</Cycle>
		<Frames>
			<Texture>window_pieces06.tga</Texture>
			<Location>
				<X>200</X>
				<Y>0</Y>
			</Location>
			<Size>
				<CX>40</CX>
				<CY>40</CY>
			</Size>
			<Hotspot>
				<X>0</X>
				<Y>0</Y>
			</Hotspot>
			<Duration>1000</Duration>
		</Frames>
	</Ui2DAnimation>
  
	<Ui2DAnimation item="A_PWCSTimer">
		<Cycle>true</Cycle>
		<Frames>
			<Texture>window_pieces06.tga</Texture>
			<Location>
				<X>200</X>
				<Y>80</Y>
			</Location>
			<Size>
				<CX>40</CX>
				<CY>40</CY>
			</Size>
			<Hotspot>
				<X>0</X>
				<Y>0</Y>
			</Hotspot>
			<Duration>1000</Duration>
		</Frames>
	</Ui2DAnimation>
  
	<Ui2DAnimation item="A_PWCSDebuff">
		<Cycle>true</Cycle>
			<Frames>
				<Texture>window_pieces06.tga</Texture>
				<Location>
					<X>200</X>
					<Y>40</Y>
				</Location>
				<Size>
					<CX>40</CX>
					<CY>40</CY>
				</Size>
				<Hotspot>
					<X>0</X>
					<Y>0</Y>
				</Hotspot>
			<Duration>1000</Duration>
		</Frames>
	</Ui2DAnimation>
  
	<Ui2DAnimation item="A_PWCSStanding">
		<Cycle>true</Cycle>
		<Frames>
			<Texture>window_pieces06.tga</Texture>
			<Location>
				<X>200</X>
				<Y>120</Y>
			</Location>
			<Size>
				<CX>40</CX>
				<CY>40</CY>
			</Size>
			<Hotspot>
				<X>0</X>
				<Y>0</Y>
			</Hotspot>
			<Duration>1000</Duration>
		</Frames>
	</Ui2DAnimation>
  
	<Ui2DAnimation item="A_PWCSRegen">
		<Cycle>true</Cycle>
		<Frames>
			<Texture>window_pieces06.tga</Texture>
			<Location>
				<X>200</X>
				<Y>160</Y>
			</Location>
			<Size>
				<CX>40</CX>
				<CY>40</CY>
			</Size>
			<Hotspot>
				<X>0</X>
				<Y>0</Y>
			</Hotspot>
			<Duration>1000</Duration>
		</Frames>
	</Ui2DAnimation>

	<!-- Background Graphics -->
	<Ui2DAnimation item="A_Spaghetti_PW_Bg">
		<Cycle>true</Cycle>
		<Frames>
			<Texture>Target_bg.tga</Texture>
			<Location>
				<X>0</X>
				<Y>60</Y>
			</Location>
			<Size>
				<CX>411</CX>
				<CY>26</CY>
			</Size>
			<Hotspot>
				<X>0</X>
				<Y>0</Y>
			</Hotspot>
			<Duration>1000</Duration>
		</Frames>
	</Ui2DAnimation>
  
    <StaticAnimation item="Spaghetti_PW_Bg">
		<ScreenID>Spaghetti_PW_Bg</ScreenID>
		<RelativePosition>true</RelativePosition>
		<Location>
			<X>0</X>
			<Y>0</Y>
		</Location>
		<Size>
			<CX>411</CX>
			<CY>26</CY>
		</Size>
		<Animation>A_Spaghetti_PW_Bg</Animation>
	</StaticAnimation>
 
	<!-- Combat Timer Items  NOTE: CombatTimer is the gauge, CombatTimerLabel is the numeric time -->
	<Gauge item="Player_CombatTimer">
		<ScreenID>Player_CombatTimer</ScreenID>
		<!--<Font>3</Font>-->
		<RelativePosition>true</RelativePosition>
		<Location>
			<X>100</X>
			<Y>8</Y>
		</Location>
		<Size>
			<CX>30</CX>
			<CY>10</CY>
		</Size>
		<GaugeOffsetY>0</GaugeOffsetY>
		<Style_VScroll>false</Style_VScroll>
		<Style_HScroll>false</Style_HScroll>
		<Style_Transparent>false</Style_Transparent>
		<!--<TooltipReference/>-->
		<FillTint>
			<R>169</R>
			<G>169</G>
			<B>169</B>
		</FillTint>
		<LinesFillTint>
			<R>0</R>
			<G>220</G>
			<B>0</B>
		</LinesFillTint>
		<DrawLinesFill>false</DrawLinesFill>
		<EQType>29</EQType>
		<GaugeDrawTemplate>
			<Background>A_GaugeBackground</Background>
			<Fill>A_GaugeFill</Fill>
			<Lines>A_GaugeLines</Lines>
			<LinesFill>A_GaugeLinesFill</LinesFill>
			<EndCapLeft>A_GaugeEndCapLeft</EndCapLeft>
			<EndCapRight>A_GaugeEndCapRight</EndCapRight>
		</GaugeDrawTemplate>
	</Gauge>
	
	<Label item="Player_CombatTimerLabel">
		<ScreenID>Player_CombatTimerLabel</ScreenID>
		<EQType>137</EQType>
		<RelativePosition>true</RelativePosition>
		<Location>
			<X>31</X>
			<Y>8</Y>
		</Location>
		<Size>
			<CX>30</CX>
			<CY>12</CY>
		</Size>
		<Text>100</Text>
		<TextColor>
			<R>255</R>
			<G>239</G>
			<B>128</B>
		</TextColor>
		<NoWrap>true</NoWrap>
		<AlignCenter>true</AlignCenter>
		<AlignRight>false</AlignRight>
		<Font>1</Font>
	</Label>
	   
	<!-- Combat Status, Voice Volume, Combat Role Buttons -->
	<Button item="PW_CombatStateAnim">
		<ScreenID>PW_CombatStateAnim</ScreenID>
		<RelativePosition>true</RelativePosition>
		<Location>
			<X>4</X>
			<Y>4</Y>
		</Location>
		<Size>
			<CX>18</CX>
			<CY>18</CY>
		</Size>
		<Style_Transparent>false</Style_Transparent>
		<Style_Checkbox>false</Style_Checkbox>
		<DecalOffset>
			<X>0</X>
			<Y>0</Y>
		</DecalOffset>
		<DecalSize>
			<CX>18</CX>
			<CY>18</CY>
		</DecalSize>
	</Button>
	   
	<Button item="PW_VoiceVolume">
		<ScreenID>PW_VoiceVolume</ScreenID>
		<EQType>voicechat/SpeakingIndicator</EQType>
		<RelativePosition>true</RelativePosition>
		<Style_Transparent>false</Style_Transparent>
		<Style_Checkbox>false</Style_Checkbox>
		<ButtonDrawTemplate>
			<Normal>A_CheckBoxNormal</Normal>
		</ButtonDrawTemplate>
		<AutoStretch>true</AutoStretch>
		<TopAnchorOffset>5</TopAnchorOffset>
		<BottomAnchorOffset>20</BottomAnchorOffset>
		<LeftAnchorOffset>344</LeftAnchorOffset>
		<RightAnchorOffset>52</RightAnchorOffset>
		<TopAnchorToTop>true</TopAnchorToTop>
		<BottomAnchorToTop>true</BottomAnchorToTop>
		<LeftAnchorToLeft>true</LeftAnchorToLeft>
		<RightAnchorToLeft>false</RightAnchorToLeft>
	</Button>
	
	<Button item="GW_GroupRoleTank">
		<ScreenID>GroupRoleTank</ScreenID>
		<RelativePosition>true</RelativePosition>
		<Style_Transparent>false</Style_Transparent>
		<Style_Checkbox>false</Style_Checkbox>
		<ButtonDrawTemplate>
			<NormalDecal>A_Tank</NormalDecal>
		</ButtonDrawTemplate>
		<DecalSize>
			<CX>15</CX>
			<CY>15</CY>
		</DecalSize>
		<AutoStretch>true</AutoStretch>
		<TopAnchorOffset>5</TopAnchorOffset>
		<BottomAnchorOffset>20</BottomAnchorOffset>
		<LeftAnchorOffset>391</LeftAnchorOffset>
		<RightAnchorOffset>5</RightAnchorOffset>
		<TopAnchorToTop>true</TopAnchorToTop>
		<BottomAnchorToTop>true</BottomAnchorToTop>
		<LeftAnchorToLeft>true</LeftAnchorToLeft>
		<RightAnchorToLeft>false</RightAnchorToLeft>

	</Button>
	
	<Button item="GW_GroupRoleAssist">
		<ScreenID>GroupRoleAssist</ScreenID>
		<RelativePosition>true</RelativePosition>
		<Style_Transparent>false</Style_Transparent>
		<Style_Checkbox>false</Style_Checkbox>
		<ButtonDrawTemplate>
			<NormalDecal>A_Assist</NormalDecal>
		</ButtonDrawTemplate>
		<DecalSize>
			<CX>15</CX>
			<CY>15</CY>
		</DecalSize>
		<AutoStretch>true</AutoStretch>
		<TopAnchorOffset>5</TopAnchorOffset>
		<BottomAnchorOffset>20</BottomAnchorOffset>
		<LeftAnchorOffset>391</LeftAnchorOffset>
		<RightAnchorOffset>5</RightAnchorOffset>
		<TopAnchorToTop>true</TopAnchorToTop>
		<BottomAnchorToTop>true</BottomAnchorToTop>
		<LeftAnchorToLeft>true</LeftAnchorToLeft>
		<RightAnchorToLeft>false</RightAnchorToLeft>

	</Button>
	
	<Button item="GW_GroupRolePuller">
		<ScreenID>GroupRolePuller</ScreenID>
		<RelativePosition>true</RelativePosition>
		<Style_Transparent>false</Style_Transparent>
		<Style_Checkbox>false</Style_Checkbox>
		<ButtonDrawTemplate>
			<NormalDecal>A_Puller</NormalDecal>
		</ButtonDrawTemplate>
		<DecalSize>
			<CX>15</CX>
			<CY>15</CY>
		</DecalSize>
		<AutoStretch>true</AutoStretch>
		<TopAnchorOffset>5</TopAnchorOffset>
		<BottomAnchorOffset>20</BottomAnchorOffset>
		<LeftAnchorOffset>391</LeftAnchorOffset>
		<RightAnchorOffset>5</RightAnchorOffset>
		<TopAnchorToTop>true</TopAnchorToTop>
		<BottomAnchorToTop>true</BottomAnchorToTop>
		<LeftAnchorToLeft>true</LeftAnchorToLeft>
		<RightAnchorToLeft>false</RightAnchorToLeft>

	</Button>
	
	<!-- Name, Class, Level Labels -->   
	<Label item="PW_NameLabel">
		<ScreenID>NameLabel</ScreenID>
		<EQType>1</EQType>
		<Font>2</Font>
		<RelativePosition>true</RelativePosition>
		<Location>
			<X>85</X>
			<Y>6</Y>
		</Location>
		<Size>
			<CX>107</CX>
			<CY>20</CY>
		</Size>
		<Text>Playername123456</Text>
		<TextColor>
			<R>255</R>
			<G>255</G>
			<B>255</B>
		</TextColor>
		<TextOffsetY>4</TextOffsetY>
		<NoWrap>true</NoWrap>
		<AlignCenter>false</AlignCenter>
		<AlignRight>true</AlignRight>
		<AlignLeft>false</AlignLeft>
	</Label>
  
 	<Label item="PW_LevelLabel">
		<ScreenID>LevelLabel</ScreenID>
		<EQType>2</EQType>
		<Font>2</Font>
		<RelativePosition>true</RelativePosition>
		<Location>
			<X>196</X>
			<Y>6</Y>
		</Location>
		<Size>
			<CX>20</CX>
			<CY>20</CY>
		</Size>
		<Text>65</Text>
		<TextColor>
			<R>255</R>
			<G>255</G>
			<B>255</B>
		</TextColor>
		<TextOffsetY>4</TextOffsetY>
		<NoWrap>true</NoWrap>
		<AlignCenter>true</AlignCenter>
		<AlignRight>false</AlignRight>
		<AlignLeft>false</AlignLeft>
	</Label>
	
	 <Label item="PW_ClassLabel">
		<ScreenID>LevelLabel</ScreenID>
		<EQType>3</EQType>
		<Font>2</Font>
		<RelativePosition>true</RelativePosition>
		<Location>
			<X>220</X>
			<Y>6</Y>
		</Location>
		<Size>
			<CX>112</CX>
			<CY>20</CY>
		</Size>
		<Text>Player Class</Text>
		<TextColor>
			<R>255</R>
			<G>255</G>
			<B>255</B>
		</TextColor>
		<TextOffsetY>4</TextOffsetY>
		<NoWrap>true</NoWrap>
		<AlignCenter>false</AlignCenter>
		<AlignRight>false</AlignRight>
		<AlignLeft>true</AlignLeft>
	</Label> 
  
  <!-- Player Labels  NOT USED -->
  <Label item="PW_HPLabel">
    <ScreenID>HPLabel</ScreenID>
    <EQType>19</EQType>
    <Font>2</Font>
    <RelativePosition>true</RelativePosition>
    <Location>
      <X>163</X>
      <Y>14</Y>
    </Location>
    <Size>
      <CX>24</CX>
      <CY>12</CY>
    </Size>
    <Text>Playername123456</Text>
    <TextColor>
      <R>255</R>
      <G>255</G>
      <B>255</B>
    </TextColor>
    <NoWrap>true</NoWrap>
    <AlignCenter>false</AlignCenter>
    <AlignRight>true</AlignRight>
    <AlignLeft>false</AlignLeft>
  </Label>
  <Label item="PW_HPPercLabel">
    <ScreenID>HPPerLabel</ScreenID>
    <Font>2</Font>
    <RelativePosition>true</RelativePosition>
    <Location>
      <X>183</X>
      <Y>14</Y>
    </Location>
    <Size>
      <CX>15</CX>
      <CY>12</CY>
    </Size>
    <Text>%</Text>
    <TextColor>
      <R>255</R>
      <G>255</G>
      <B>255</B>
    </TextColor>
    <NoWrap>true</NoWrap>
    <AlignCenter>false</AlignCenter>
    <AlignRight>true</AlignRight>
    <AlignLeft>false</AlignLeft>
  </Label>
  <Label item="Player_ManaLabel">
    <ScreenID>ManaLabel</ScreenID>
    <EQType>20</EQType>
    <Font>1</Font>
    <RelativePosition>true</RelativePosition>
    <Location>
      <X>32</X>
      <Y>49</Y>
    </Location>
    <Size>
      <CX>31</CX>
      <CY>12</CY>
    </Size>
    <Text>100</Text>
    <TextColor>
      <R>255</R>
      <G>255</G>
      <B>255</B>
      <Alpha>255</Alpha>
    </TextColor>
    <NoWrap>true</NoWrap>
    <AlignCenter>false</AlignCenter>
    <AlignRight>true</AlignRight>
    <AlignLeft>false</AlignLeft>
  </Label>
  <Label item="Player_ManaPercLabel">
    <ScreenID>ManPercLabel</ScreenID>
    <Font>1</Font>
    <Text>%</Text>
    <TextColor>
      <R>255</R>
      <G>255</G>
      <B>255</B>
    </TextColor>
    <Size>
      <CX>16</CX>
      <CY>12</CY>
    </Size>
    <AlignCenter>false</AlignCenter>
    <Location>
      <X>61</X>
      <Y>49</Y>
    </Location>
  </Label>
  <Label item="Player_FatigueLabel">
    <ScreenID>FatigueLabel</ScreenID>
    <EQType>21</EQType>
    <Font>1</Font>
    <RelativePosition>true</RelativePosition>
    <Location>
      <X>32</X>
      <Y>62</Y>
    </Location>
    <Size>
      <CX>31</CX>
      <CY>12</CY>
    </Size>
    <Text>100</Text>
    <TextColor>
      <R>255</R>
      <G>255</G>
      <B>255</B>
      <Alpha>255</Alpha>
    </TextColor>
    <NoWrap>true</NoWrap>
    <AlignCenter>false</AlignCenter>
    <AlignRight>true</AlignRight>
    <AlignLeft>false</AlignLeft>
  </Label>
  <Label item="Player_FatiguePercLabel">
    <ScreenID>FatiguePercLabel</ScreenID>
    <Font>1</Font>
    <Text>%</Text>
    <TextColor>
      <R>255</R>
      <G>255</G>
      <B>255</B>
    </TextColor>
    <Size>
      <CX>16</CX>
      <CY>12</CY>
    </Size>
    <AlignCenter>false</AlignCenter>
    <Location>
      <X>61</X>
      <Y>62</Y>
    </Location>
  </Label>
  
  <!-- Player Gauges  NOT USED -->
  <Gauge item="PW_HPGauge">
    <ScreenID>PlayerHP</ScreenID>
    <Font>2</Font>
    <TextColor>
      <R>240</R>
      <G>240</G>
      <B>240</B>
    </TextColor>
    <RelativePosition>true</RelativePosition>
    <Location>
      <X>3</X>
      <Y>14</Y>
    </Location>
    <Size>
      <CX>200</CX>
      <CY>16</CY>
    </Size>
    <TextOffsetX>0</TextOffsetX>
    <TextOffsetY>-50</TextOffsetY>
    <GaugeOffsetY>0</GaugeOffsetY>
    <Style_VScroll>false</Style_VScroll>
    <Style_HScroll>false</Style_HScroll>
    <Style_Transparent>false</Style_Transparent>
    <!--<TooltipReference/>-->
    <FillTint>
      <R>240</R>
      <G>0</G>
      <B>0</B>
      <Alpha>255</Alpha>
    </FillTint>
    <LinesFillTint>
      <R>220</R>
      <G>220</G>
      <B>0</B>
    </LinesFillTint>
    <DrawLinesFill>false</DrawLinesFill>
    <EQType>1</EQType>
    <GaugeDrawTemplate>
      <Background>A_Spaghetti_GaugeBackground</Background>
      <Fill>A_Spaghetti_GaugeFill</Fill>
    </GaugeDrawTemplate>
  </Gauge>
  <Gauge item="PW_FatigueGauge">
    <ScreenID>PlayerFatigue</ScreenID>
    <!--<Font>3</Font>-->
    <RelativePosition>true</RelativePosition>
    <Location>
      <X>3</X>
      <Y>28</Y>
    </Location>
    <Size>
      <CX>200</CX>
      <CY>2</CY>
    </Size>
    <GaugeOffsetY>0</GaugeOffsetY>
    <Style_VScroll>false</Style_VScroll>
    <Style_HScroll>false</Style_HScroll>
    <Style_Transparent>false</Style_Transparent>
    <!--<TooltipReference/>-->
    <FillTint>
      <R>0</R>
      <G>220</G>
      <B>220</B>
      <Alpha>255</Alpha>
    </FillTint>
    <LinesFillTint>
      <R>0</R>
      <G>220</G>
      <B>220</B>
      <Alpha>255</Alpha>
    </LinesFillTint>
    <DrawLinesFill>false</DrawLinesFill>
    <EQType>3</EQType>
    <GaugeDrawTemplate>
      <Fill>A_Spaghetti_Slim_GaugeFill</Fill>
    </GaugeDrawTemplate>
    <TextOffsetY>-50</TextOffsetY>
    <TextColor>
      <Alpha>255</Alpha>
      <R>0</R>
      <G>220</G>
      <B>220</B>
    </TextColor>
    <TextOffsetX>-50</TextOffsetX>
  </Gauge>
  <Gauge item="PW_Pet_HPGauge">
    <ScreenID>PetHP</ScreenID>
    <!--<Font>3</Font>-->
    <TextColor>
      <R>0</R>
      <G>0</G>
      <B>0</B>
    </TextColor>
    <RelativePosition>true</RelativePosition>
    <Location>
      <X>7</X>
      <Y>39</Y>
    </Location>
    <Size>
      <CX>1</CX>
      <CY>1</CY>
    </Size>
    <TextOffsetY>-50</TextOffsetY>
    <GaugeOffsetY>-2</GaugeOffsetY>
    <Style_VScroll>false</Style_VScroll>
    <Style_HScroll>false</Style_HScroll>
    <Style_Transparent>false</Style_Transparent>
    <!--<TooltipReference/>-->
    <FillTint>
      <R>51</R>
      <G>192</G>
      <B>51</B>
    </FillTint>
    <LinesFillTint>
      <R>0</R>
      <G>0</G>
      <B>0</B>
    </LinesFillTint>
    <DrawLinesFill>false</DrawLinesFill>
    <EQType>16</EQType>
    <GaugeDrawTemplate>
      <Background>A_GaugeBackground</Background>
      <Fill>A_GaugeFill</Fill>
    </GaugeDrawTemplate>
  </Gauge>
	
	<!-- Player Window Configuration -->
	<Screen item="PlayerWindow">
		<ScreenID />
		<RelativePosition>false</RelativePosition>
		<Location>
			<X>516</X>
			<Y>242</Y>
		</Location>
		<Size>
			<CX>411</CX>
			<CY>26</CY>
		</Size>
		<Text>Target</Text>
		<Style_VScroll>false</Style_VScroll>
		<Style_HScroll>false</Style_HScroll>
		<Style_Transparent>true</Style_Transparent>
		<TooltipReference>Your Current Target</TooltipReference>
		<DrawTemplate>WDT_Filigree</DrawTemplate>
		<Style_Titlebar>false</Style_Titlebar>
		<Style_Closebox>false</Style_Closebox>
		<Style_Minimizebox>false</Style_Minimizebox>
		<Style_Border>false</Style_Border>
		<Style_Sizable>false</Style_Sizable>
		
		<Pieces>Spaghetti_PW_Bg</Pieces>
		<Pieces>PW_NameLabel</Pieces>
		<Pieces>PW_LevelLabel</Pieces>
		<Pieces>PW_ClassLabel</Pieces>
		<Pieces>Player_CombatTimerLabel</Pieces>
		<!--<Pieces>Player_CombatTimer</Pieces>-->
		<Pieces>PW_CombatStateAnim</Pieces>
		<Pieces>PW_VoiceVolume</Pieces>
		<Pieces>GW_GroupRoleTank</Pieces>
		<Pieces>GW_GroupRoleAssist</Pieces>
		<Pieces>GW_GroupRolePuller</Pieces>
		<Pieces>A_AttackIndicatorAnimTop</Pieces>
		<Pieces>A_AttackIndicatorAnimBottom</Pieces>
		<Pieces>A_AttackIndicatorAnimLeft</Pieces>
		<Pieces>A_AttackIndicatorAnimRight</Pieces>
		<Pieces>A_AttackIndicatorAnimFill</Pieces>		
	</Screen>
</XML>
