<?xml version="1.0" encoding="us-ascii"?>
<XML ID="EQInterfaceDefinitionLanguage">
	<Schema xmlns="EverQuestData" xmlns:dt="EverQuestDataTypes"/>

	<Button item="SDBW_Buff0_Button">
		<ScreenID>Buff0</ScreenID>
		<RelativePosition>true</RelativePosition>
		<Size>
			<CX>180</CX>
			<CY>20</CY>
		</Size>
		<ButtonDrawTemplate>
			<Normal>BlueIconBackground</Normal>
			<NormalDecal>BuffIcons</NormalDecal>
		</ButtonDrawTemplate>
		<DecalOffset>
			<X>22</X>
			<Y>0</Y>
		</DecalOffset>
		<DecalSize>
			<CX>20</CX>
			<CY>20</CY>
		</DecalSize>
	</Button>
	<Label item="SDBW_Buff0">
		<ScreenID>SDBuff0Label</ScreenID>
		<EQType>600</EQType>
		<Font>2</Font>
		<RelativePosition>true</RelativePosition>
		<Size>
			<CX>162</CX>
			<CY>14</CY>
		</Size>
		<Text></Text>
		<TextColor>
			<R>255</R>
			<G>255</G>
			<B>255</B>
		</TextColor>
		<NoWrap>true</NoWrap>
	</Label>
	<Label item="SDBW_Buff0Number">
		<ScreenID>SDBuff0No</ScreenID>
		<Font>2</Font>
		<RelativePosition>true</RelativePosition>
		<Size>
			<CX>22</CX>
			<CY>14</CY>
		</Size>
		<Text>S1.</Text>
		<TextColor>
			<R>0</R>
			<G>255</G>
			<B>255</B>
		</TextColor>
		<NoWrap>true</NoWrap>
		<AlignLeft>true</AlignLeft>
	</Label>

	<Button item="SDBW_Buff1_Button">
		<ScreenID>Buff1</ScreenID>
		<RelativePosition>true</RelativePosition>
		<ButtonDrawTemplate>
			<Normal>BlueIconBackground</Normal>
			<NormalDecal>BuffIcons</NormalDecal>
		</ButtonDrawTemplate>
		<DecalOffset>
			<X>22</X>
			<Y>0</Y>
		</DecalOffset>
		<DecalSize>
			<CX>20</CX>
			<CY>20</CY>
		</DecalSize>
	</Button>
	<Label item ="SDBW_Buff1">
		<ScreenID>SDBuff1Label</ScreenID>
		<EQType>601</EQType>
		<Font>2</Font>
		<RelativePosition>true</RelativePosition>
		<Text></Text>
		<TextColor>
			<R>255</R>
			<G>255</G>
			<B>255</B>
		</TextColor>
		<NoWrap>true</NoWrap>
	</Label>
	<Label item="SDBW_Buff1Number">
		<ScreenID>SDBuff1No</ScreenID>
		<Font>2</Font>
		<RelativePosition>true</RelativePosition>
		<Text>S2.</Text>
		<TextColor>
			<R>0</R>
			<G>255</G>
			<B>255</B>
		</TextColor>
		<NoWrap>true</NoWrap>
	</Label>

	<Button item="SDBW_Buff2_Button">
		<ScreenID>Buff2</ScreenID>
		<RelativePosition>true</RelativePosition>
		<RadioGroup/>
		<ButtonDrawTemplate>
			<Normal>BlueIconBackground</Normal>
			<NormalDecal>BuffIcons</NormalDecal>
		</ButtonDrawTemplate>
		<DecalOffset>
			<X>22</X>
			<Y>0</Y>
		</DecalOffset>
		<DecalSize>
			<CX>20</CX>
			<CY>20</CY>
		</DecalSize>
	</Button>
	<Label item="SDBW_Buff2">
		<ScreenID>SDBuff2Label</ScreenID>
		<EQType>602</EQType>
		<Font>2</Font>
		<RelativePosition>true</RelativePosition>
		<Text></Text>
		<TextColor>
			<R>255</R>
			<G>255</G>
			<B>255</B>
		</TextColor>
		<NoWrap>true</NoWrap>
	</Label>
	<Label item="SDBW_Buff2Number">
		<ScreenID>SDBuff2No</ScreenID>
		<Font>2</Font>
		<RelativePosition>true</RelativePosition>
		<Text>S3.</Text>
		<TextColor>
			<R>0</R>
			<G>255</G>
			<B>255</B>
		</TextColor>
		<NoWrap>true</NoWrap>
	</Label>

	<Button item="SDBW_Buff3_Button">
		<ScreenID>Buff3</ScreenID>
		<RelativePosition>true</RelativePosition>
		<ButtonDrawTemplate>
			<Normal>BlueIconBackground</Normal>
			<NormalDecal>BuffIcons</NormalDecal>
		</ButtonDrawTemplate>
		<DecalOffset>
			<X>22</X>
			<Y>0</Y>
		</DecalOffset>
		<DecalSize>
			<CX>20</CX>
			<CY>20</CY>
		</DecalSize>
	</Button>
	<Label item="SDBW_Buff3">
		<ScreenID>SDBuff3Label</ScreenID>
		<EQType>603</EQType>
		<Font>2</Font>
		<RelativePosition>true</RelativePosition>
		<Text></Text>
		<TextColor>
			<R>255</R>
			<G>255</G>
			<B>255</B>
		</TextColor>
		<NoWrap>true</NoWrap>
	</Label>
	<Label item="SDBW_Buff3Number">
		<ScreenID>SDBuff3No</ScreenID>
		<Font>2</Font>
		<RelativePosition>true</RelativePosition>
		<Text>S4.</Text>
		<TextColor>
			<R>0</R>
			<G>255</G>
			<B>255</B>
		</TextColor>
		<NoWrap>true</NoWrap>
	</Label>

	<Button item="SDBW_Buff4_Button">
		<ScreenID>Buff4</ScreenID>
		<RelativePosition>true</RelativePosition>
		<ButtonDrawTemplate>
			<Normal>BlueIconBackground</Normal>
			<NormalDecal>BuffIcons</NormalDecal>
		</ButtonDrawTemplate>
		<DecalOffset>
			<X>22</X>
			<Y>0</Y>
		</DecalOffset>
		<DecalSize>
			<CX>20</CX>
			<CY>20</CY>
		</DecalSize>
	</Button>
	<Label item="SDBW_Buff4">
		<ScreenID>SDBuff4Label</ScreenID>
		<EQType>604</EQType>
		<Font>2</Font>
		<RelativePosition>true</RelativePosition>
		<Text></Text>
		<TextColor>
			<R>255</R>
			<G>255</G>
			<B>255</B>
		</TextColor>
		<NoWrap>true</NoWrap>
	</Label>
	<Label item="SDBW_Buff4Number">
		<ScreenID>SDBuff4No</ScreenID>
		<Font>2</Font>
		<RelativePosition>true</RelativePosition>
		<Text>S5.</Text>
		<TextColor>
			<R>0</R>
			<G>255</G>
			<B>255</B>
		</TextColor>
		<NoWrap>true</NoWrap>
	</Label>

	<Button item="SDBW_Buff5_Button">
		<ScreenID>Buff5</ScreenID>
		<RelativePosition>true</RelativePosition>
		<ButtonDrawTemplate>
			<Normal>BlueIconBackground</Normal>
			<NormalDecal>BuffIcons</NormalDecal>
		</ButtonDrawTemplate>
		<DecalOffset>
			<X>22</X>
			<Y>0</Y>
		</DecalOffset>
		<DecalSize>
			<CX>20</CX>
			<CY>20</CY>
		</DecalSize>
	</Button>
	<Label item="SDBW_Buff5">
		<ScreenID>SDBuff5Label</ScreenID>
		<EQType>605</EQType>
		<Font>2</Font>
		<RelativePosition>true</RelativePosition>
		<Text></Text>
		<TextColor>
			<R>255</R>
			<G>255</G>
			<B>255</B>
		</TextColor>
		<NoWrap>true</NoWrap>
	</Label>
	<Label item="SDBW_Buff5Number">
		<ScreenID>SDBuff5No</ScreenID>
		<Font>2</Font>
		<RelativePosition>true</RelativePosition>
		<Text>S6.</Text>
		<TextColor>
			<R>0</R>
			<G>255</G>
			<B>255</B>
		</TextColor>
		<NoWrap>true</NoWrap>
	</Label>

	<Button item="SDBW_Buff6_Button">
		<ScreenID>Buff6</ScreenID>
		<RelativePosition>true</RelativePosition>
		<ButtonDrawTemplate>
			<Normal>BlueIconBackground</Normal>
			<NormalDecal>BuffIcons</NormalDecal>
		</ButtonDrawTemplate>
		<DecalOffset>
			<X>22</X>
			<Y>0</Y>
		</DecalOffset>
		<DecalSize>
			<CX>20</CX>
			<CY>20</CY>
		</DecalSize>
	</Button>
	<Label item="SDBW_Buff6">
		<ScreenID>SDBuff6Label</ScreenID>
		<EQType>606</EQType>
		<Font>2</Font>
		<RelativePosition>true</RelativePosition>
		<Text></Text>
		<TextColor>
			<R>255</R>
			<G>255</G>
			<B>255</B>
		</TextColor>
		<NoWrap>true</NoWrap>
	</Label>
	<Label item="SDBW_Buff6Number">
		<ScreenID>SDBuff6No</ScreenID>
		<Font>2</Font>
		<RelativePosition>true</RelativePosition>
		<Text>S7.</Text>
		<TextColor>
			<R>0</R>
			<G>255</G>
			<B>255</B>
		</TextColor>
		<NoWrap>true</NoWrap>
	</Label>

	<Button item="SDBW_Buff7_Button">
		<ScreenID>Buff7</ScreenID>
		<RelativePosition>true</RelativePosition>
		<ButtonDrawTemplate>
			<Normal>BlueIconBackground</Normal>
			<NormalDecal>BuffIcons</NormalDecal>
		</ButtonDrawTemplate>
		<DecalOffset>
			<X>22</X>
			<Y>0</Y>
		</DecalOffset>
		<DecalSize>
			<CX>20</CX>
			<CY>20</CY>
		</DecalSize>
	</Button>
	<Label item="SDBW_Buff7">
		<ScreenID>SDBuff7Label</ScreenID>
		<EQType>607</EQType>
		<Font>2</Font>
		<RelativePosition>true</RelativePosition>
		<Text></Text>
		<TextColor>
			<R>255</R>
			<G>255</G>
			<B>255</B>
		</TextColor>
		<NoWrap>true</NoWrap>
	</Label>
	<Label item="SDBW_Buff7Number">
		<ScreenID>SDBuff7No</ScreenID>
		<Font>2</Font>
		<RelativePosition>true</RelativePosition>
		<Text>S8.</Text>
		<TextColor>
			<R>0</R>
			<G>255</G>
			<B>255</B>
		</TextColor>
		<NoWrap>true</NoWrap>
	</Label>

	<Button item="SDBW_Buff8_Button">
		<ScreenID>Buff8</ScreenID>
		<RelativePosition>true</RelativePosition>
		<ButtonDrawTemplate>
			<Normal>BlueIconBackground</Normal>
			<NormalDecal>BuffIcons</NormalDecal>
		</ButtonDrawTemplate>
		<DecalOffset>
			<X>22</X>
			<Y>0</Y>
		</DecalOffset>
		<DecalSize>
			<CX>20</CX>
			<CY>20</CY>
		</DecalSize>
	</Button>
	<Label item="SDBW_Buff8">
		<ScreenID>SDBuff8Label</ScreenID>
		<EQType>608</EQType>
		<Font>2</Font>
		<RelativePosition>true</RelativePosition>
		<Text></Text>
		<TextColor>
			<R>255</R>
			<G>255</G>
			<B>255</B>
		</TextColor>
		<NoWrap>true</NoWrap>
	</Label>
	<Label item="SDBW_Buff8Number">
		<ScreenID>SDBuff8No</ScreenID>
		<Font>2</Font>
		<RelativePosition>true</RelativePosition>
		<Text>S9.</Text>
		<TextColor>
			<R>0</R>
			<G>255</G>
			<B>255</B>
		</TextColor>
		<NoWrap>true</NoWrap>
	</Label>

	<Button item="SDBW_Buff9_Button">
		<ScreenID>Buff9</ScreenID>
		<RelativePosition>true</RelativePosition>
		<ButtonDrawTemplate>
			<Normal>BlueIconBackground</Normal>
			<NormalDecal>BuffIcons</NormalDecal>
		</ButtonDrawTemplate>
		<DecalOffset>
			<X>22</X>
			<Y>0</Y>
		</DecalOffset>
		<DecalSize>
			<CX>20</CX>
			<CY>20</CY>
		</DecalSize>
	</Button>
	<Label item="SDBW_Buff9">
		<ScreenID>SDBuff9Label</ScreenID>
		<EQType>609</EQType>
		<Font>2</Font>
		<RelativePosition>true</RelativePosition>
		<Text></Text>
		<TextColor>
			<R>255</R>
			<G>255</G>
			<B>255</B>
		</TextColor>
		<NoWrap>true</NoWrap>
	</Label>
	<Label item="SDBW_Buff9Number">
		<ScreenID>SDBuff9No</ScreenID>
		<Font>2</Font>
		<RelativePosition>true</RelativePosition>
		<Text>S10.</Text>
		<TextColor>
			<R>0</R>
			<G>255</G>
			<B>255</B>
		</TextColor>
		<NoWrap>true</NoWrap>
	</Label>

	<Button item="SDBW_Buff10_Button">
		<ScreenID>Buff10</ScreenID>
		<RelativePosition>true</RelativePosition>
		<ButtonDrawTemplate>
			<Normal>BlueIconBackground</Normal>
			<NormalDecal>BuffIcons</NormalDecal>
		</ButtonDrawTemplate>
		<DecalOffset>
			<X>22</X>
			<Y>0</Y>
		</DecalOffset>
		<DecalSize>
			<CX>20</CX>
			<CY>20</CY>
		</DecalSize>
	</Button>
	<Label item="SDBW_Buff10">
		<ScreenID>SDBuff10Label</ScreenID>
		<EQType>610</EQType>
		<Font>2</Font>
		<RelativePosition>true</RelativePosition>
		<Text></Text>
		<TextColor>
			<R>255</R>
			<G>255</G>
			<B>255</B>
		</TextColor>
		<NoWrap>true</NoWrap>
	</Label>
	<Label item="SDBW_Buff10Number">
		<ScreenID>SDBuff10No</ScreenID>
		<Font>2</Font>
		<RelativePosition>true</RelativePosition>
		<Text>S11.</Text>
		<TextColor>
			<R>0</R>
			<G>255</G>
			<B>255</B>
		</TextColor>
		<NoWrap>true</NoWrap>
	</Label>

	<Button item="SDBW_Buff11_Button">
		<ScreenID>Buff11</ScreenID>
		<RelativePosition>true</RelativePosition>
		<ButtonDrawTemplate>
			<Normal>BlueIconBackground</Normal>
			<NormalDecal>BuffIcons</NormalDecal>
		</ButtonDrawTemplate>
		<DecalOffset>
			<X>22</X>
			<Y>0</Y>
		</DecalOffset>
		<DecalSize>
			<CX>20</CX>
			<CY>20</CY>
		</DecalSize>
	</Button>
	<Label item="SDBW_Buff11">
		<ScreenID>SDBuff11Label</ScreenID>
		<EQType>611</EQType>
		<Font>2</Font>
		<RelativePosition>true</RelativePosition>
		<Text></Text>
		<TextColor>
			<R>255</R>
			<G>255</G>
			<B>255</B>
		</TextColor>
		<NoWrap>true</NoWrap>
	</Label>
	<Label item="SDBW_Buff11Number">
		<ScreenID>SDBuff11No</ScreenID>
		<Font>2</Font>
		<RelativePosition>true</RelativePosition>
		<Text>S12.</Text>
		<TextColor>
			<R>0</R>
			<G>255</G>
			<B>255</B>
		</TextColor>
		<NoWrap>true</NoWrap>
	</Label>

	

	<TileLayoutBox item="SDBW_Buttons">
		<RelativePosition>true</RelativePosition>
		<AutoStretch>true</AutoStretch>
		<BottomAnchorToTop>false</BottomAnchorToTop>
		<RightAnchorToLeft>false</RightAnchorToLeft>
		<Style_Transparent>true</Style_Transparent>
		<Spacing>1</Spacing>
		<SecondarySpacing>0</SecondarySpacing>
		<HorizontalFirst>false</HorizontalFirst>
		<AnchorToTop>true</AnchorToTop>
		<AnchorToLeft>true</AnchorToLeft>
		<LeftAnchorOffset>0</LeftAnchorOffset>
		<TopAnchorOffset>0</TopAnchorOffset>
		<FirstPieceTemplate>true</FirstPieceTemplate>
		<Pieces>SDBW_Buff0_Button</Pieces>
		<Pieces>SDBW_Buff1_Button</Pieces>
		<Pieces>SDBW_Buff2_Button</Pieces>
		<Pieces>SDBW_Buff3_Button</Pieces>
		<Pieces>SDBW_Buff4_Button</Pieces>
		<Pieces>SDBW_Buff5_Button</Pieces>
		<Pieces>SDBW_Buff6_Button</Pieces>
		<Pieces>SDBW_Buff7_Button</Pieces>
		<Pieces>SDBW_Buff8_Button</Pieces>
		<Pieces>SDBW_Buff9_Button</Pieces>
		<Pieces>SDBW_Buff10_Button</Pieces>
	</TileLayoutBox>
	
	<TileLayoutBox item="SDBW_Labels">
		<RelativePosition>true</RelativePosition>
		<AutoStretch>true</AutoStretch>
		<BottomAnchorToTop>false</BottomAnchorToTop>
		<RightAnchorToLeft>false</RightAnchorToLeft>
		<Style_Transparent>true</Style_Transparent>
		<Style_Tooltip>false</Style_Tooltip>
		<Spacing>7</Spacing>
		<SecondarySpacing>0</SecondarySpacing>
		<HorizontalFirst>false</HorizontalFirst>
		<AnchorToTop>true</AnchorToTop>
		<AnchorToLeft>true</AnchorToLeft>
		<LeftAnchorOffset>43</LeftAnchorOffset>
		<TopAnchorOffset>3</TopAnchorOffset>
		<FirstPieceTemplate>true</FirstPieceTemplate>
		<Pieces>SDBW_Buff0</Pieces>
		<Pieces>SDBW_Buff1</Pieces>
		<Pieces>SDBW_Buff2</Pieces>
		<Pieces>SDBW_Buff3</Pieces>
		<Pieces>SDBW_Buff4</Pieces>
		<Pieces>SDBW_Buff5</Pieces>
		<Pieces>SDBW_Buff6</Pieces>
		<Pieces>SDBW_Buff7</Pieces>
		<Pieces>SDBW_Buff8</Pieces>
		<Pieces>SDBW_Buff9</Pieces>
		<Pieces>SDBW_Buff10</Pieces>
	</TileLayoutBox>
	
	<TileLayoutBox item="SDBW_Numbers">
		<RelativePosition>true</RelativePosition>
		<AutoStretch>true</AutoStretch>
		<BottomAnchorToTop>false</BottomAnchorToTop>
		<RightAnchorToLeft>false</RightAnchorToLeft>
		<Style_Transparent>true</Style_Transparent>
		<Style_Tooltip>false</Style_Tooltip>
		<Spacing>7</Spacing>
		<SecondarySpacing>0</SecondarySpacing>
		<HorizontalFirst>false</HorizontalFirst>
		<AnchorToTop>true</AnchorToTop>
		<AnchorToLeft>true</AnchorToLeft>
		<TopAnchorOffset>3</TopAnchorOffset>
		<FirstPieceTemplate>true</FirstPieceTemplate>
		<Pieces>SDBW_Buff0Number</Pieces>
		<Pieces>SDBW_Buff1Number</Pieces>
		<Pieces>SDBW_Buff2Number</Pieces>
		<Pieces>SDBW_Buff3Number</Pieces>
		<Pieces>SDBW_Buff4Number</Pieces>
		<Pieces>SDBW_Buff5Number</Pieces>
		<Pieces>SDBW_Buff6Number</Pieces>
		<Pieces>SDBW_Buff7Number</Pieces>
		<Pieces>SDBW_Buff8Number</Pieces>
		<Pieces>SDBW_Buff9Number</Pieces>
		<Pieces>SDBW_Buff10Number</Pieces>
	</TileLayoutBox>
	
	<Screen item="ShortDurationBuffWindow">
		<Text>Songs</Text>
		<RelativePosition>false</RelativePosition>
		<Location>
			<X>315</X>
			<Y>0</Y>
		</Location>
		<Size>
			<CX>191</CX>
			<CY>245</CY>
		</Size>
		<Style_Transparent>true</Style_Transparent>
		<DrawTemplate>WDT_RoundedNoTitle</DrawTemplate>
		<Style_Titlebar>false</Style_Titlebar>
		<Style_Closebox>true</Style_Closebox>
		<Style_Minimizebox>true</Style_Minimizebox>
		<Style_Border>true</Style_Border>
		<Style_Sizable>false</Style_Sizable>
		<Pieces>TileLayoutBox:SDBW_Buttons</Pieces>
		<Pieces>TileLayoutBox:SDBW_Labels</Pieces>
		<Pieces>TileLayoutBox:SDBW_Numbers</Pieces>
	</Screen>

</XML>
