<?xml version="1.0" encoding="us-ascii"?>
<XML ID="EQInterfaceDefinitionLanguage">
  <Schema xmlns="EverQuestData" xmlns:dt="EverQuestDataTypes" />
  <Label item="RAIDOPTIONS_CurrentLootTypeLabel">
    <ScreenID>RAIDOPTIONS_CurrentLootTypeLabel</ScreenID>
    <!--<Font>3</Font>-->
    <RelativePosition>true</RelativePosition>
    <Location>
      <X>13</X>
      <Y>4</Y>
    </Location>
    <Size>
      <CX>100</CX>
      <CY>15</CY>
    </Size>
    <Text>Current Loot Type : </Text>
    <TextColor>
      <R>255</R>
      <G>255</G>
      <B>255</B>
    </TextColor>
    <NoWrap>true</NoWrap>
    <AlignCenter>false</AlignCenter>
    <AlignRight>false</AlignRight>
    <Font>2</Font>
  </Label>
  <Label item="RAIDOPTIONS_CurrentLootType">
    <ScreenID>RAIDOPTIONS_CurrentLootType</ScreenID>
    <!--<Font>3</Font>-->
    <RelativePosition>true</RelativePosition>
    <Location>
      <X>107</X>
      <Y>4</Y>
    </Location>
    <Size>
      <CX>15</CX>
      <CY>15</CY>
    </Size>
    <Text>1</Text>
    <TextColor>
      <R>255</R>
      <G>255</G>
      <B>255</B>
    </TextColor>
    <Font>2</Font>
    <NoWrap>true</NoWrap>
    <AlignCenter>false</AlignCenter>
    <AlignRight>false</AlignRight>
  </Label>
  <Label item="RAIDOPTIONS_LooterListLabel">
    <ScreenID>RAIDOPTIONS_LooterListLabel</ScreenID>
    <!--<Font>3</Font>-->
    <RelativePosition>true</RelativePosition>
    <Location>
      <X>150</X>
      <Y>4</Y>
    </Location>
    <Size>
      <CX>120</CX>
      <CY>15</CY>
    </Size>
    <Text>Current Looter List</Text>
    <TextColor>
      <R>255</R>
      <G>255</G>
      <B>255</B>
    </TextColor>
    <NoWrap>true</NoWrap>
    <AlignCenter>false</AlignCenter>
    <AlignRight>false</AlignRight>
    <Font>2</Font>
  </Label>
  <Listbox item="RAIDOPTIONS_LooterList">
    <ScreenID>RAIDOPTIONS_LooterList</ScreenID>
    <DrawTemplate>WDT_Inner</DrawTemplate>
    <TooltipReference>List of all players that are allowed to loot a kill</TooltipReference>
    <RelativePosition>true</RelativePosition>
    <Location>
      <X>130</X>
      <Y>20</Y>
    </Location>
    <Size>
      <CX>135</CX>
      <CY>129</CY>
    </Size>
    <TextColor>
      <R>255</R>
      <G>255</G>
      <B>255</B>
    </TextColor>
    <Style_Border>true</Style_Border>
    <Style_VScroll>true</Style_VScroll>
    <Columns>
      <Width>100</Width>
    </Columns>
    <Font>2</Font>
  </Listbox>
  <Label item="RAIDOPTIONS_SetLootTypeLabel">
    <ScreenID>RAIDOPTIONS_SetLootTypeLabel</ScreenID>
    <!--<Font>3</Font>-->
    <RelativePosition>true</RelativePosition>
    <Location>
      <X>0</X>
      <Y>0</Y>
    </Location>
    <Size>
      <CX>1</CX>
      <CY>1</CY>
    </Size>
    <Text />
    <TextColor>
      <R>255</R>
      <G>255</G>
      <B>255</B>
    </TextColor>
    <NoWrap>true</NoWrap>
    <AlignCenter>false</AlignCenter>
    <AlignRight>false</AlignRight>
    <Font>2</Font>
  </Label>
  <Combobox item="RAIDOPTIONS_SetLootTypeCombo">
    <ScreenID>RAIDOPTIONS_SetLootTypeCombo</ScreenID>
    <DrawTemplate>WDT_Inner</DrawTemplate>
    <Location>
      <X>5</X>
      <Y>20</Y>
    </Location>
    <Size>
      <CX>119</CX>
      <CY>25</CY>
    </Size>
    <TextColor>
      <R>255</R>
      <G>255</G>
      <B>255</B>
    </TextColor>
    <ListHeight>60</ListHeight>
    <Button>BDT_Combo</Button>
    <Style_Border>true</Style_Border>
    <Choices>Leader Only</Choices>
    <Choices>Leader and Group Leaders</Choices>
    <Choices>Leader Selected</Choices>
    <Choices>Entire Raid</Choices>
    <Font>2</Font>
  </Combobox>
  <Label item="RAIDOPTIONS_ClassColorLabel">
    <ScreenID>RAIDOPTIONS_ClassColorLabel</ScreenID>
    <!--<Font>3</Font>-->
    <RelativePosition>true</RelativePosition>
    <Location>
      <X>0</X>
      <Y>0</Y>
    </Location>
    <Size>
      <CX>1</CX>
      <CY>1</CY>
    </Size>
    <Text />
    <TextColor>
      <R>255</R>
      <G>255</G>
      <B>255</B>
    </TextColor>
    <NoWrap>true</NoWrap>
    <AlignCenter>false</AlignCenter>
    <AlignRight>false</AlignRight>
    <Font>2</Font>
  </Label>
  <Button item="RAIDOPTIONS_ClassColor0">
    <ScreenID>RAIDOPTIONS_ClassColor0</ScreenID>
    <!--<Font>3</Font>-->
    <RelativePosition>true</RelativePosition>
    <Style_VScroll>false</Style_VScroll>
    <Style_HScroll>false</Style_HScroll>
    <Style_Transparent>false</Style_Transparent>
    <TooltipReference>Choose color for the class</TooltipReference>
    <Style_Checkbox>false</Style_Checkbox>
    <Location>
      <X>5</X>
      <Y>50</Y>
    </Location>
    <Size>
      <CX>30</CX>
      <CY>25</CY>
    </Size>
    <Text>BRD</Text>
    <TextColor>
      <R>255</R>
      <G>255</G>
      <B>255</B>
    </TextColor>
    <ButtonDrawTemplate>
      <Normal>A_SmallBtnNormal</Normal>
      <Pressed>A_SmallBtnPressed</Pressed>
      <Flyby>A_SmallBtnFlyby</Flyby>
      <Disabled>A_SmallBtnDisabled</Disabled>
      <PressedFlyby>A_SmallBtnPressedFlyby</PressedFlyby>
    </ButtonDrawTemplate>
    <Font>2</Font>
  </Button>
  <Button item="RAIDOPTIONS_ClassColor1">
    <ScreenID>RAIDOPTIONS_ClassColor1</ScreenID>
    <!--<Font>3</Font>-->
    <RelativePosition>true</RelativePosition>
    <Style_VScroll>false</Style_VScroll>
    <Style_HScroll>false</Style_HScroll>
    <Style_Transparent>false</Style_Transparent>
    <TooltipReference>Choose color for the class</TooltipReference>
    <Style_Checkbox>false</Style_Checkbox>
    <Location>
      <X>35</X>
      <Y>50</Y>
    </Location>
    <Size>
      <CX>30</CX>
      <CY>25</CY>
    </Size>
    <Text>BST</Text>
    <TextColor>
      <R>255</R>
      <G>255</G>
      <B>255</B>
    </TextColor>
    <ButtonDrawTemplate>
      <Normal>A_SmallBtnNormal</Normal>
      <Pressed>A_SmallBtnPressed</Pressed>
      <Flyby>A_SmallBtnFlyby</Flyby>
      <Disabled>A_SmallBtnDisabled</Disabled>
      <PressedFlyby>A_SmallBtnPressedFlyby</PressedFlyby>
    </ButtonDrawTemplate>
    <Font>2</Font>
  </Button>
  <Button item="RAIDOPTIONS_ClassColor2">
    <ScreenID>RAIDOPTIONS_ClassColor2</ScreenID>
    <!--<Font>3</Font>-->
    <RelativePosition>true</RelativePosition>
    <Style_VScroll>false</Style_VScroll>
    <Style_HScroll>false</Style_HScroll>
    <Style_Transparent>false</Style_Transparent>
    <TooltipReference>Choose color for the class</TooltipReference>
    <Style_Checkbox>false</Style_Checkbox>
    <Location>
      <X>95</X>
      <Y>50</Y>
    </Location>
    <Size>
      <CX>30</CX>
      <CY>25</CY>
    </Size>
    <Text>CLR</Text>
    <TextColor>
      <R>255</R>
      <G>255</G>
      <B>255</B>
    </TextColor>
    <ButtonDrawTemplate>
      <Normal>A_SmallBtnNormal</Normal>
      <Pressed>A_SmallBtnPressed</Pressed>
      <Flyby>A_SmallBtnFlyby</Flyby>
      <Disabled>A_SmallBtnDisabled</Disabled>
      <PressedFlyby>A_SmallBtnPressedFlyby</PressedFlyby>
    </ButtonDrawTemplate>
    <Font>2</Font>
  </Button>
  <Button item="RAIDOPTIONS_ClassColor3">
    <ScreenID>RAIDOPTIONS_ClassColor3</ScreenID>
    <!--<Font>3</Font>-->
    <RelativePosition>true</RelativePosition>
    <Style_VScroll>false</Style_VScroll>
    <Style_HScroll>false</Style_HScroll>
    <Style_Transparent>false</Style_Transparent>
    <TooltipReference>Choose color for the class</TooltipReference>
    <Style_Checkbox>false</Style_Checkbox>
    <Location>
      <X>5</X>
      <Y>75</Y>
    </Location>
    <Size>
      <CX>30</CX>
      <CY>25</CY>
    </Size>
    <Text>DRU</Text>
    <TextColor>
      <R>255</R>
      <G>255</G>
      <B>255</B>
    </TextColor>
    <ButtonDrawTemplate>
      <Normal>A_SmallBtnNormal</Normal>
      <Pressed>A_SmallBtnPressed</Pressed>
      <Flyby>A_SmallBtnFlyby</Flyby>
      <Disabled>A_SmallBtnDisabled</Disabled>
      <PressedFlyby>A_SmallBtnPressedFlyby</PressedFlyby>
    </ButtonDrawTemplate>
    <Font>2</Font>
  </Button>
  <Button item="RAIDOPTIONS_ClassColor4">
    <ScreenID>RAIDOPTIONS_ClassColor4</ScreenID>
    <!--<Font>3</Font>-->
    <RelativePosition>true</RelativePosition>
    <Style_VScroll>false</Style_VScroll>
    <Style_HScroll>false</Style_HScroll>
    <Style_Transparent>false</Style_Transparent>
    <TooltipReference>Choose color for the class</TooltipReference>
    <Style_Checkbox>false</Style_Checkbox>
    <Location>
      <X>35</X>
      <Y>75</Y>
    </Location>
    <Size>
      <CX>30</CX>
      <CY>25</CY>
    </Size>
    <Text>ENC</Text>
    <TextColor>
      <R>255</R>
      <G>255</G>
      <B>255</B>
    </TextColor>
    <ButtonDrawTemplate>
      <Normal>A_SmallBtnNormal</Normal>
      <Pressed>A_SmallBtnPressed</Pressed>
      <Flyby>A_SmallBtnFlyby</Flyby>
      <Disabled>A_SmallBtnDisabled</Disabled>
      <PressedFlyby>A_SmallBtnPressedFlyby</PressedFlyby>
    </ButtonDrawTemplate>
    <Font>2</Font>
  </Button>
  <Button item="RAIDOPTIONS_ClassColor5">
    <ScreenID>RAIDOPTIONS_ClassColor5</ScreenID>
    <!--<Font>3</Font>-->
    <RelativePosition>true</RelativePosition>
    <Style_VScroll>false</Style_VScroll>
    <Style_HScroll>false</Style_HScroll>
    <Style_Transparent>false</Style_Transparent>
    <TooltipReference>Choose color for the class</TooltipReference>
    <Style_Checkbox>false</Style_Checkbox>
    <Location>
      <X>65</X>
      <Y>75</Y>
    </Location>
    <Size>
      <CX>30</CX>
      <CY>25</CY>
    </Size>
    <Text>MAG</Text>
    <TextColor>
      <R>255</R>
      <G>255</G>
      <B>255</B>
    </TextColor>
    <ButtonDrawTemplate>
      <Normal>A_SmallBtnNormal</Normal>
      <Pressed>A_SmallBtnPressed</Pressed>
      <Flyby>A_SmallBtnFlyby</Flyby>
      <Disabled>A_SmallBtnDisabled</Disabled>
      <PressedFlyby>A_SmallBtnPressedFlyby</PressedFlyby>
    </ButtonDrawTemplate>
    <Font>2</Font>
  </Button>
  <Button item="RAIDOPTIONS_ClassColor6">
    <ScreenID>RAIDOPTIONS_ClassColor6</ScreenID>
    <!--<Font>3</Font>-->
    <RelativePosition>true</RelativePosition>
    <Style_VScroll>false</Style_VScroll>
    <Style_HScroll>false</Style_HScroll>
    <Style_Transparent>false</Style_Transparent>
    <TooltipReference>Choose color for the class</TooltipReference>
    <Style_Checkbox>false</Style_Checkbox>
    <Location>
      <X>95</X>
      <Y>75</Y>
    </Location>
    <Size>
      <CX>30</CX>
      <CY>25</CY>
    </Size>
    <Text>MNK</Text>
    <TextColor>
      <R>255</R>
      <G>255</G>
      <B>255</B>
    </TextColor>
    <ButtonDrawTemplate>
      <Normal>A_SmallBtnNormal</Normal>
      <Pressed>A_SmallBtnPressed</Pressed>
      <Flyby>A_SmallBtnFlyby</Flyby>
      <Disabled>A_SmallBtnDisabled</Disabled>
      <PressedFlyby>A_SmallBtnPressedFlyby</PressedFlyby>
    </ButtonDrawTemplate>
    <Font>2</Font>
  </Button>
  <Button item="RAIDOPTIONS_ClassColor7">
    <ScreenID>RAIDOPTIONS_ClassColor7</ScreenID>
    <!--<Font>3</Font>-->
    <RelativePosition>true</RelativePosition>
    <Style_VScroll>false</Style_VScroll>
    <Style_HScroll>false</Style_HScroll>
    <Style_Transparent>false</Style_Transparent>
    <TooltipReference>Choose color for the class</TooltipReference>
    <Style_Checkbox>false</Style_Checkbox>
    <Location>
      <X>5</X>
      <Y>100</Y>
    </Location>
    <Size>
      <CX>30</CX>
      <CY>25</CY>
    </Size>
    <Text>NEC</Text>
    <TextColor>
      <R>255</R>
      <G>255</G>
      <B>255</B>
    </TextColor>
    <ButtonDrawTemplate>
      <Normal>A_SmallBtnNormal</Normal>
      <Pressed>A_SmallBtnPressed</Pressed>
      <Flyby>A_SmallBtnFlyby</Flyby>
      <Disabled>A_SmallBtnDisabled</Disabled>
      <PressedFlyby>A_SmallBtnPressedFlyby</PressedFlyby>
    </ButtonDrawTemplate>
    <Font>2</Font>
  </Button>
  <Button item="RAIDOPTIONS_ClassColor8">
    <ScreenID>RAIDOPTIONS_ClassColor8</ScreenID>
    <!--<Font>3</Font>-->
    <RelativePosition>true</RelativePosition>
    <Style_VScroll>false</Style_VScroll>
    <Style_HScroll>false</Style_HScroll>
    <Style_Transparent>false</Style_Transparent>
    <TooltipReference>Choose color for the class</TooltipReference>
    <Style_Checkbox>false</Style_Checkbox>
    <Location>
      <X>35</X>
      <Y>100</Y>
    </Location>
    <Size>
      <CX>30</CX>
      <CY>25</CY>
    </Size>
    <Text>PAL</Text>
    <TextColor>
      <R>255</R>
      <G>255</G>
      <B>255</B>
    </TextColor>
    <ButtonDrawTemplate>
      <Normal>A_SmallBtnNormal</Normal>
      <Pressed>A_SmallBtnPressed</Pressed>
      <Flyby>A_SmallBtnFlyby</Flyby>
      <Disabled>A_SmallBtnDisabled</Disabled>
      <PressedFlyby>A_SmallBtnPressedFlyby</PressedFlyby>
    </ButtonDrawTemplate>
    <Font>2</Font>
  </Button>
  <Button item="RAIDOPTIONS_ClassColor9">
    <ScreenID>RAIDOPTIONS_ClassColor9</ScreenID>
    <!--<Font>3</Font>-->
    <RelativePosition>true</RelativePosition>
    <Style_VScroll>false</Style_VScroll>
    <Style_HScroll>false</Style_HScroll>
    <Style_Transparent>false</Style_Transparent>
    <TooltipReference>Choose color for the class</TooltipReference>
    <Style_Checkbox>false</Style_Checkbox>
    <Location>
      <X>65</X>
      <Y>100</Y>
    </Location>
    <Size>
      <CX>30</CX>
      <CY>25</CY>
    </Size>
    <Text>RNG</Text>
    <TextColor>
      <R>255</R>
      <G>255</G>
      <B>255</B>
    </TextColor>
    <ButtonDrawTemplate>
      <Normal>A_SmallBtnNormal</Normal>
      <Pressed>A_SmallBtnPressed</Pressed>
      <Flyby>A_SmallBtnFlyby</Flyby>
      <Disabled>A_SmallBtnDisabled</Disabled>
      <PressedFlyby>A_SmallBtnPressedFlyby</PressedFlyby>
    </ButtonDrawTemplate>
    <Font>2</Font>
  </Button>
  <Button item="RAIDOPTIONS_ClassColor10">
    <ScreenID>RAIDOPTIONS_ClassColor10</ScreenID>
    <!--<Font>3</Font>-->
    <RelativePosition>true</RelativePosition>
    <Style_VScroll>false</Style_VScroll>
    <Style_HScroll>false</Style_HScroll>
    <Style_Transparent>false</Style_Transparent>
    <TooltipReference>Choose color for the class</TooltipReference>
    <Style_Checkbox>false</Style_Checkbox>
    <Location>
      <X>95</X>
      <Y>100</Y>
    </Location>
    <Size>
      <CX>30</CX>
      <CY>25</CY>
    </Size>
    <Text>ROG</Text>
    <TextColor>
      <R>255</R>
      <G>255</G>
      <B>255</B>
    </TextColor>
    <ButtonDrawTemplate>
      <Normal>A_SmallBtnNormal</Normal>
      <Pressed>A_SmallBtnPressed</Pressed>
      <Flyby>A_SmallBtnFlyby</Flyby>
      <Disabled>A_SmallBtnDisabled</Disabled>
      <PressedFlyby>A_SmallBtnPressedFlyby</PressedFlyby>
    </ButtonDrawTemplate>
    <Font>2</Font>
  </Button>
  <Button item="RAIDOPTIONS_ClassColor11">
    <ScreenID>RAIDOPTIONS_ClassColor11</ScreenID>
    <!--<Font>3</Font>-->
    <RelativePosition>true</RelativePosition>
    <Style_VScroll>false</Style_VScroll>
    <Style_HScroll>false</Style_HScroll>
    <Style_Transparent>false</Style_Transparent>
    <TooltipReference>Choose color for the class</TooltipReference>
    <Style_Checkbox>false</Style_Checkbox>
    <Location>
      <X>5</X>
      <Y>125</Y>
    </Location>
    <Size>
      <CX>30</CX>
      <CY>25</CY>
    </Size>
    <Text>SHD</Text>
    <TextColor>
      <R>255</R>
      <G>255</G>
      <B>255</B>
    </TextColor>
    <ButtonDrawTemplate>
      <Normal>A_SmallBtnNormal</Normal>
      <Pressed>A_SmallBtnPressed</Pressed>
      <Flyby>A_SmallBtnFlyby</Flyby>
      <Disabled>A_SmallBtnDisabled</Disabled>
      <PressedFlyby>A_SmallBtnPressedFlyby</PressedFlyby>
    </ButtonDrawTemplate>
    <Font>2</Font>
  </Button>
  <Button item="RAIDOPTIONS_ClassColor12">
    <ScreenID>RAIDOPTIONS_ClassColor12</ScreenID>
    <!--<Font>3</Font>-->
    <RelativePosition>true</RelativePosition>
    <Style_VScroll>false</Style_VScroll>
    <Style_HScroll>false</Style_HScroll>
    <Style_Transparent>false</Style_Transparent>
    <TooltipReference>Choose color for the class</TooltipReference>
    <Style_Checkbox>false</Style_Checkbox>
    <Location>
      <X>35</X>
      <Y>125</Y>
    </Location>
    <Size>
      <CX>30</CX>
      <CY>25</CY>
    </Size>
    <Text>SHM</Text>
    <TextColor>
      <R>255</R>
      <G>255</G>
      <B>255</B>
    </TextColor>
    <ButtonDrawTemplate>
      <Normal>A_SmallBtnNormal</Normal>
      <Pressed>A_SmallBtnPressed</Pressed>
      <Flyby>A_SmallBtnFlyby</Flyby>
      <Disabled>A_SmallBtnDisabled</Disabled>
      <PressedFlyby>A_SmallBtnPressedFlyby</PressedFlyby>
    </ButtonDrawTemplate>
    <Font>2</Font>
  </Button>
  <Button item="RAIDOPTIONS_ClassColor13">
    <ScreenID>RAIDOPTIONS_ClassColor13</ScreenID>
    <!--<Font>3</Font>-->
    <RelativePosition>true</RelativePosition>
    <Style_VScroll>false</Style_VScroll>
    <Style_HScroll>false</Style_HScroll>
    <Style_Transparent>false</Style_Transparent>
    <TooltipReference>Choose color for the class</TooltipReference>
    <Style_Checkbox>false</Style_Checkbox>
    <Location>
      <X>65</X>
      <Y>125</Y>
    </Location>
    <Size>
      <CX>30</CX>
      <CY>25</CY>
    </Size>
    <Text>WAR</Text>
    <TextColor>
      <R>255</R>
      <G>255</G>
      <B>255</B>
    </TextColor>
    <ButtonDrawTemplate>
      <Normal>A_SmallBtnNormal</Normal>
      <Pressed>A_SmallBtnPressed</Pressed>
      <Flyby>A_SmallBtnFlyby</Flyby>
      <Disabled>A_SmallBtnDisabled</Disabled>
      <PressedFlyby>A_SmallBtnPressedFlyby</PressedFlyby>
    </ButtonDrawTemplate>
    <Font>2</Font>
  </Button>
  <Button item="RAIDOPTIONS_ClassColor14">
    <ScreenID>RAIDOPTIONS_ClassColor14</ScreenID>
    <!--<Font>3</Font>-->
    <RelativePosition>true</RelativePosition>
    <Style_VScroll>false</Style_VScroll>
    <Style_HScroll>false</Style_HScroll>
    <Style_Transparent>false</Style_Transparent>
    <TooltipReference>Choose color for the class</TooltipReference>
    <Style_Checkbox>false</Style_Checkbox>
    <Location>
      <X>95</X>
      <Y>125</Y>
    </Location>
    <Size>
      <CX>30</CX>
      <CY>25</CY>
    </Size>
    <Text>WIZ</Text>
    <TextColor>
      <R>255</R>
      <G>255</G>
      <B>255</B>
    </TextColor>
    <ButtonDrawTemplate>
      <Normal>A_SmallBtnNormal</Normal>
      <Pressed>A_SmallBtnPressed</Pressed>
      <Flyby>A_SmallBtnFlyby</Flyby>
      <Disabled>A_SmallBtnDisabled</Disabled>
      <PressedFlyby>A_SmallBtnPressedFlyby</PressedFlyby>
    </ButtonDrawTemplate>
    <Font>2</Font>
  </Button>

	<Button item = "RAIDOPTIONS_ClassColor15">
		<ScreenID>RAIDOPTIONS_ClassColor15</ScreenID>
		<!--<Font>3</Font>-->
		<RelativePosition>true</RelativePosition>
		<Style_VScroll>false</Style_VScroll>
		<Style_HScroll>false</Style_HScroll>
		<Style_Transparent>false</Style_Transparent>
		<TooltipReference>Choose color for the class</TooltipReference>
		<Style_Checkbox>false</Style_Checkbox>
		<Location>
			<X>65</X>
			<Y>50</Y>
		</Location>
		<Size>
			<CX>30</CX>
			<CY>25</CY>
		</Size>
		<Text>BER</Text>
		<TextColor>
				<R>255</R>
				<G>255</G>
				<B>255</B>
		</TextColor>
		<ButtonDrawTemplate>
			<Normal>A_SmallBtnNormal</Normal>
			<Pressed>A_SmallBtnPressed</Pressed>
			<Flyby>A_SmallBtnFlyby</Flyby>
			<Disabled>A_SmallBtnDisabled</Disabled>
			<PressedFlyby>A_SmallBtnPressedFlyby</PressedFlyby>
		</ButtonDrawTemplate>
		<Font>2</Font>
	</Button>



  <Screen item="RaidOptionsWindow">
    <ScreenID />
    <RelativePosition>false</RelativePosition>
    <Location>
      <X>200</X>
      <Y>78</Y>
    </Location>
    <Size>
      <CX>280</CX>
      <CY>177</CY>
    </Size>
    <Text>Raid Options Window</Text>
    <Style_VScroll>false</Style_VScroll>
    <Style_HScroll>false</Style_HScroll>
    <Style_Transparent>false</Style_Transparent>
    <TooltipReference>This is the raid options window.</TooltipReference>
    <DrawTemplate>WDT_Rounded</DrawTemplate>
    <Style_Titlebar>true</Style_Titlebar>
    <Style_Closebox>true</Style_Closebox>
    <Style_Minimizebox>true</Style_Minimizebox>
    <Style_Border>true</Style_Border>
    <Style_Sizable>false</Style_Sizable>
    <Pieces>RAIDOPTIONS_ClassColorLabel</Pieces>
    <Pieces>RAIDOPTIONS_ClassColor0</Pieces>
    <Pieces>RAIDOPTIONS_ClassColor1</Pieces>
    <Pieces>RAIDOPTIONS_ClassColor2</Pieces>
    <Pieces>RAIDOPTIONS_ClassColor3</Pieces>
    <Pieces>RAIDOPTIONS_ClassColor4</Pieces>
    <Pieces>RAIDOPTIONS_ClassColor5</Pieces>
    <Pieces>RAIDOPTIONS_ClassColor6</Pieces>
    <Pieces>RAIDOPTIONS_ClassColor7</Pieces>
    <Pieces>RAIDOPTIONS_ClassColor8</Pieces>
    <Pieces>RAIDOPTIONS_ClassColor9</Pieces>
    <Pieces>RAIDOPTIONS_ClassColor10</Pieces>
    <Pieces>RAIDOPTIONS_ClassColor11</Pieces>
    <Pieces>RAIDOPTIONS_ClassColor12</Pieces>
    <Pieces>RAIDOPTIONS_ClassColor13</Pieces>
    <Pieces>RAIDOPTIONS_ClassColor14</Pieces>
    <Pieces>RAIDOPTIONS_ClassColor15</Pieces>
    <Pieces>RAIDOPTIONS_CurrentLootTypeLabel</Pieces>
    <Pieces>RAIDOPTIONS_CurrentLootType</Pieces>
    <Pieces>RAIDOPTIONS_LooterListLabel</Pieces>
    <Pieces>RAIDOPTIONS_LooterList</Pieces>
    <Pieces>RAIDOPTIONS_SetLootTypeLabel</Pieces>
    <Pieces>RAIDOPTIONS_SetLootTypeCombo</Pieces>
  </Screen>
</XML>