<?xml version = "1.0"?>
<XML ID="EQInterfaceDefinitionLanguage">
  <Schema xmlns="EverQuestData" xmlns:dt="EverQuestDataTypes" />
  <!-- Original Mod by: Roland Darktower (formerly Meeotwo), 57 Rogue of Tribunal -->
  <!-- Redone by: Remelio Gemweaver -->
  <Label item="LW_CorpseName">
    <ScreenID>LW_CorpseName</ScreenID>
    <Font>2</Font>
    <RelativePosition>true</RelativePosition>
    <Location>
      <X>0</X>
      <Y>0</Y>
    </Location>
    <Size>
      <CX>150</CX>
      <CY>15</CY>
    </Size>
    <Text>Blahblahblah's Corpse</Text>
    <TextColor>
      <R>255</R>
      <G>255</G>
      <B>255</B>
    </TextColor>
    <NoWrap>false</NoWrap>
    <AlignCenter>true</AlignCenter>
    <AlignRight>false</AlignRight>
  </Label>
  <Button item="LW_Unclickable">
    <ScreenID>LW_Unclickable</ScreenID>
    <Size>
      <CX>150</CX>
      <CY>220</CY>
    </Size>
    <Location>
      <X>0</X>
      <Y>15</Y>
    </Location>
  </Button>
  <InvSlot item="LW_LootSlot0">
    <ScreenID>LW_LootSlot0</ScreenID>
    <!--<Font>3</Font>-->
    <RelativePosition>true</RelativePosition>
    <Location>
      <X>0</X>
      <Y>20</Y>
    </Location>
    <Size>
      <CX>30</CX>
      <CY>30</CY>
    </Size>
    <Background>A_RecessedBox</Background>
    <EQType>5000</EQType>
    <ItemOffsetX>2</ItemOffsetX>
    <ItemOffsetY>2</ItemOffsetY>
  </InvSlot>
  <InvSlot item="LW_LootSlot1">
    <ScreenID>LW_LootSlot1</ScreenID>
    <!--<Font>3</Font>-->
    <RelativePosition>true</RelativePosition>
    <Location>
      <X>30</X>
      <Y>20</Y>
    </Location>
    <Size>
      <CX>30</CX>
      <CY>30</CY>
    </Size>
    <Background>A_RecessedBox</Background>
    <EQType>5001</EQType>
    <ItemOffsetX>2</ItemOffsetX>
    <ItemOffsetY>2</ItemOffsetY>
  </InvSlot>
  <InvSlot item="LW_LootSlot2">
    <ScreenID>LW_LootSlot2</ScreenID>
    <!--<Font>3</Font>-->
    <RelativePosition>true</RelativePosition>
    <Location>
      <X>60</X>
      <Y>20</Y>
    </Location>
    <Size>
      <CX>30</CX>
      <CY>30</CY>
    </Size>
    <Background>A_RecessedBox</Background>
    <EQType>5002</EQType>
    <ItemOffsetX>2</ItemOffsetX>
    <ItemOffsetY>2</ItemOffsetY>
  </InvSlot>
  <InvSlot item="LW_LootSlot3">
    <ScreenID>LW_LootSlot3</ScreenID>
    <!--<Font>3</Font>-->
    <RelativePosition>true</RelativePosition>
    <Location>
      <X>90</X>
      <Y>20</Y>
    </Location>
    <Size>
      <CX>30</CX>
      <CY>30</CY>
    </Size>
    <Background>A_RecessedBox</Background>
    <EQType>5003</EQType>
    <ItemOffsetX>2</ItemOffsetX>
    <ItemOffsetY>2</ItemOffsetY>
  </InvSlot>
  <InvSlot item="LW_LootSlot4">
    <ScreenID>LW_LootSlot4</ScreenID>
    <!--<Font>3</Font>-->
    <RelativePosition>true</RelativePosition>
    <Location>
      <X>120</X>
      <Y>20</Y>
    </Location>
    <Size>
      <CX>30</CX>
      <CY>30</CY>
    </Size>
    <Background>A_RecessedBox</Background>
    <EQType>5004</EQType>
    <ItemOffsetX>2</ItemOffsetX>
    <ItemOffsetY>2</ItemOffsetY>
  </InvSlot>
  <InvSlot item="LW_LootSlot5">
    <ScreenID>LW_LootSlot5</ScreenID>
    <!--<Font>3</Font>-->
    <RelativePosition>true</RelativePosition>
    <Location>
      <X>0</X>
      <Y>50</Y>
    </Location>
    <Size>
      <CX>30</CX>
      <CY>30</CY>
    </Size>
    <Background>A_RecessedBox</Background>
    <EQType>5005</EQType>
    <ItemOffsetX>2</ItemOffsetX>
    <ItemOffsetY>2</ItemOffsetY>
  </InvSlot>
  <InvSlot item="LW_LootSlot6">
    <ScreenID>LW_LootSlot6</ScreenID>
    <!--<Font>3</Font>-->
    <RelativePosition>true</RelativePosition>
    <Location>
      <X>30</X>
      <Y>50</Y>
    </Location>
    <Size>
      <CX>30</CX>
      <CY>30</CY>
    </Size>
    <Background>A_RecessedBox</Background>
    <EQType>5006</EQType>
    <ItemOffsetX>2</ItemOffsetX>
    <ItemOffsetY>2</ItemOffsetY>
  </InvSlot>
  <InvSlot item="LW_LootSlot7">
    <ScreenID>LW_LootSlot7</ScreenID>
    <!--<Font>3</Font>-->
    <RelativePosition>true</RelativePosition>
    <Location>
      <X>60</X>
      <Y>50</Y>
    </Location>
    <Size>
      <CX>30</CX>
      <CY>30</CY>
    </Size>
    <Background>A_RecessedBox</Background>
    <EQType>5007</EQType>
    <ItemOffsetX>2</ItemOffsetX>
    <ItemOffsetY>2</ItemOffsetY>
  </InvSlot>
  <InvSlot item="LW_LootSlot8">
    <ScreenID>LW_LootSlot8</ScreenID>
    <!--<Font>3</Font>-->
    <RelativePosition>true</RelativePosition>
    <Location>
      <X>90</X>
      <Y>50</Y>
    </Location>
    <Size>
      <CX>30</CX>
      <CY>30</CY>
    </Size>
    <Background>A_RecessedBox</Background>
    <EQType>5008</EQType>
    <ItemOffsetX>2</ItemOffsetX>
    <ItemOffsetY>2</ItemOffsetY>
  </InvSlot>
  <InvSlot item="LW_LootSlot9">
    <ScreenID>LW_LootSlot9</ScreenID>
    <!--<Font>3</Font>-->
    <RelativePosition>true</RelativePosition>
    <Location>
      <X>120</X>
      <Y>50</Y>
    </Location>
    <Size>
      <CX>30</CX>
      <CY>30</CY>
    </Size>
    <Background>A_RecessedBox</Background>
    <EQType>5009</EQType>
    <ItemOffsetX>2</ItemOffsetX>
    <ItemOffsetY>2</ItemOffsetY>
  </InvSlot>
  <InvSlot item="LW_LootSlot10">
    <ScreenID>LW_LootSlot10</ScreenID>
    <!--<Font>3</Font>-->
    <RelativePosition>true</RelativePosition>
    <Location>
      <X>0</X>
      <Y>80</Y>
    </Location>
    <Size>
      <CX>30</CX>
      <CY>30</CY>
    </Size>
    <Background>A_RecessedBox</Background>
    <EQType>5010</EQType>
    <ItemOffsetX>2</ItemOffsetX>
    <ItemOffsetY>2</ItemOffsetY>
  </InvSlot>
  <InvSlot item="LW_LootSlot11">
    <ScreenID>LW_LootSlot11</ScreenID>
    <!--<Font>3</Font>-->
    <RelativePosition>true</RelativePosition>
    <Location>
      <X>30</X>
      <Y>80</Y>
    </Location>
    <Size>
      <CX>30</CX>
      <CY>30</CY>
    </Size>
    <Background>A_RecessedBox</Background>
    <EQType>5011</EQType>
    <ItemOffsetX>2</ItemOffsetX>
    <ItemOffsetY>2</ItemOffsetY>
  </InvSlot>
  <InvSlot item="LW_LootSlot12">
    <ScreenID>LW_LootSlot12</ScreenID>
    <!--<Font>3</Font>-->
    <RelativePosition>true</RelativePosition>
    <Location>
      <X>60</X>
      <Y>80</Y>
    </Location>
    <Size>
      <CX>30</CX>
      <CY>30</CY>
    </Size>
    <Background>A_RecessedBox</Background>
    <EQType>5012</EQType>
    <ItemOffsetX>2</ItemOffsetX>
    <ItemOffsetY>2</ItemOffsetY>
  </InvSlot>
  <InvSlot item="LW_LootSlot13">
    <ScreenID>LW_LootSlot13</ScreenID>
    <!--<Font>3</Font>-->
    <RelativePosition>true</RelativePosition>
    <Location>
      <X>90</X>
      <Y>80</Y>
    </Location>
    <Size>
      <CX>30</CX>
      <CY>30</CY>
    </Size>
    <Background>A_RecessedBox</Background>
    <EQType>5013</EQType>
    <ItemOffsetX>2</ItemOffsetX>
    <ItemOffsetY>2</ItemOffsetY>
  </InvSlot>
  <InvSlot item="LW_LootSlot14">
    <ScreenID>LW_LootSlot14</ScreenID>
    <!--<Font>3</Font>-->
    <RelativePosition>true</RelativePosition>
    <Location>
      <X>120</X>
      <Y>80</Y>
    </Location>
    <Size>
      <CX>30</CX>
      <CY>30</CY>
    </Size>
    <Background>A_RecessedBox</Background>
    <EQType>5014</EQType>
    <ItemOffsetX>2</ItemOffsetX>
    <ItemOffsetY>2</ItemOffsetY>
  </InvSlot>
  <InvSlot item="LW_LootSlot15">
    <ScreenID>LW_LootSlot15</ScreenID>
    <!--<Font>3</Font>-->
    <RelativePosition>true</RelativePosition>
    <Location>
      <X>0</X>
      <Y>110</Y>
    </Location>
    <Size>
      <CX>30</CX>
      <CY>30</CY>
    </Size>
    <Background>A_RecessedBox</Background>
    <EQType>5015</EQType>
    <ItemOffsetX>2</ItemOffsetX>
    <ItemOffsetY>2</ItemOffsetY>
  </InvSlot>
  <InvSlot item="LW_LootSlot16">
    <ScreenID>LW_LootSlot16</ScreenID>
    <!--<Font>3</Font>-->
    <RelativePosition>true</RelativePosition>
    <Location>
      <X>30</X>
      <Y>110</Y>
    </Location>
    <Size>
      <CX>30</CX>
      <CY>30</CY>
    </Size>
    <Background>A_RecessedBox</Background>
    <EQType>5016</EQType>
    <ItemOffsetX>2</ItemOffsetX>
    <ItemOffsetY>2</ItemOffsetY>
  </InvSlot>
  <InvSlot item="LW_LootSlot17">
    <ScreenID>LW_LootSlot17</ScreenID>
    <!--<Font>3</Font>-->
    <RelativePosition>true</RelativePosition>
    <Location>
      <X>60</X>
      <Y>110</Y>
    </Location>
    <Size>
      <CX>30</CX>
      <CY>30</CY>
    </Size>
    <Background>A_RecessedBox</Background>
    <EQType>5017</EQType>
    <ItemOffsetX>2</ItemOffsetX>
    <ItemOffsetY>2</ItemOffsetY>
  </InvSlot>
  <InvSlot item="LW_LootSlot18">
    <ScreenID>LW_LootSlot18</ScreenID>
    <!--<Font>3</Font>-->
    <RelativePosition>true</RelativePosition>
    <Location>
      <X>90</X>
      <Y>110</Y>
    </Location>
    <Size>
      <CX>30</CX>
      <CY>30</CY>
    </Size>
    <Background>A_RecessedBox</Background>
    <EQType>5018</EQType>
    <ItemOffsetX>2</ItemOffsetX>
    <ItemOffsetY>2</ItemOffsetY>
  </InvSlot>
  <InvSlot item="LW_LootSlot19">
    <ScreenID>LW_LootSlot19</ScreenID>
    <!--<Font>3</Font>-->
    <RelativePosition>true</RelativePosition>
    <Location>
      <X>120</X>
      <Y>110</Y>
    </Location>
    <Size>
      <CX>30</CX>
      <CY>30</CY>
    </Size>
    <Background>A_RecessedBox</Background>
    <EQType>5019</EQType>
    <ItemOffsetX>2</ItemOffsetX>
    <ItemOffsetY>2</ItemOffsetY>
  </InvSlot>
  <InvSlot item="LW_LootSlot20">
    <ScreenID>LW_LootSlot20</ScreenID>
    <!--<Font>3</Font>-->
    <RelativePosition>true</RelativePosition>
    <Location>
      <X>0</X>
      <Y>140</Y>
    </Location>
    <Size>
      <CX>30</CX>
      <CY>30</CY>
    </Size>
    <Background>A_RecessedBox</Background>
    <EQType>5020</EQType>
    <ItemOffsetX>2</ItemOffsetX>
    <ItemOffsetY>2</ItemOffsetY>
  </InvSlot>
  <InvSlot item="LW_LootSlot21">
    <ScreenID>LW_LootSlot21</ScreenID>
    <!--<Font>3</Font>-->
    <RelativePosition>true</RelativePosition>
    <Location>
      <X>30</X>
      <Y>140</Y>
    </Location>
    <Size>
      <CX>30</CX>
      <CY>30</CY>
    </Size>
    <Background>A_RecessedBox</Background>
    <EQType>5021</EQType>
    <ItemOffsetX>2</ItemOffsetX>
    <ItemOffsetY>2</ItemOffsetY>
  </InvSlot>
  <InvSlot item="LW_LootSlot22">
    <ScreenID>LW_LootSlot22</ScreenID>
    <!--<Font>3</Font>-->
    <RelativePosition>true</RelativePosition>
    <Location>
      <X>60</X>
      <Y>140</Y>
    </Location>
    <Size>
      <CX>30</CX>
      <CY>30</CY>
    </Size>
    <Background>A_RecessedBox</Background>
    <EQType>5022</EQType>
    <ItemOffsetX>2</ItemOffsetX>
    <ItemOffsetY>2</ItemOffsetY>
  </InvSlot>
  <InvSlot item="LW_LootSlot23">
    <ScreenID>LW_LootSlot23</ScreenID>
    <!--<Font>3</Font>-->
    <RelativePosition>true</RelativePosition>
    <Location>
      <X>90</X>
      <Y>140</Y>
    </Location>
    <Size>
      <CX>30</CX>
      <CY>30</CY>
    </Size>
    <Background>A_RecessedBox</Background>
    <EQType>5023</EQType>
    <ItemOffsetX>2</ItemOffsetX>
    <ItemOffsetY>2</ItemOffsetY>
  </InvSlot>
  <InvSlot item="LW_LootSlot24">
    <ScreenID>LW_LootSlot24</ScreenID>
    <!--<Font>3</Font>-->
    <RelativePosition>true</RelativePosition>
    <Location>
      <X>120</X>
      <Y>140</Y>
    </Location>
    <Size>
      <CX>30</CX>
      <CY>30</CY>
    </Size>
    <Background>A_RecessedBox</Background>
    <EQType>5024</EQType>
    <ItemOffsetX>2</ItemOffsetX>
    <ItemOffsetY>2</ItemOffsetY>
  </InvSlot>
  <InvSlot item="LW_LootSlot25">
    <ScreenID>LW_LootSlot25</ScreenID>
    <!--<Font>3</Font>-->
    <RelativePosition>true</RelativePosition>
    <Location>
      <X>0</X>
      <Y>170</Y>
    </Location>
    <Size>
      <CX>30</CX>
      <CY>30</CY>
    </Size>
    <Background>A_RecessedBox</Background>
    <EQType>5025</EQType>
    <ItemOffsetX>2</ItemOffsetX>
    <ItemOffsetY>2</ItemOffsetY>
  </InvSlot>
  <InvSlot item="LW_LootSlot26">
    <ScreenID>LW_LootSlot26</ScreenID>
    <!--<Font>3</Font>-->
    <RelativePosition>true</RelativePosition>
    <Location>
      <X>30</X>
      <Y>170</Y>
    </Location>
    <Size>
      <CX>30</CX>
      <CY>30</CY>
    </Size>
    <Background>A_RecessedBox</Background>
    <EQType>5026</EQType>
    <ItemOffsetX>2</ItemOffsetX>
    <ItemOffsetY>2</ItemOffsetY>
  </InvSlot>
  <InvSlot item="LW_LootSlot27">
    <ScreenID>LW_LootSlot27</ScreenID>
    <!--<Font>3</Font>-->
    <RelativePosition>true</RelativePosition>
    <Location>
      <X>60</X>
      <Y>170</Y>
    </Location>
    <Size>
      <CX>30</CX>
      <CY>30</CY>
    </Size>
    <Background>A_RecessedBox</Background>
    <EQType>5027</EQType>
    <ItemOffsetX>2</ItemOffsetX>
    <ItemOffsetY>2</ItemOffsetY>
  </InvSlot>
  <InvSlot item="LW_LootSlot28">
    <ScreenID>LW_LootSlot28</ScreenID>
    <!--<Font>3</Font>-->
    <RelativePosition>true</RelativePosition>
    <Location>
      <X>90</X>
      <Y>170</Y>
    </Location>
    <Size>
      <CX>30</CX>
      <CY>30</CY>
    </Size>
    <Background>A_RecessedBox</Background>
    <EQType>5028</EQType>
    <ItemOffsetX>2</ItemOffsetX>
    <ItemOffsetY>2</ItemOffsetY>
  </InvSlot>
  <InvSlot item="LW_LootSlot29">
    <ScreenID>LW_LootSlot29</ScreenID>
    <!--<Font>3</Font>-->
    <RelativePosition>true</RelativePosition>
    <Location>
      <X>120</X>
      <Y>170</Y>
    </Location>
    <Size>
      <CX>30</CX>
      <CY>30</CY>
    </Size>
    <Background>A_RecessedBox</Background>
    <EQType>5029</EQType>
    <ItemOffsetX>2</ItemOffsetX>
    <ItemOffsetY>2</ItemOffsetY>
  </InvSlot>
  <InvSlot item="LW_LootSlot30">
    <ScreenID>LW_LootSlot30</ScreenID>
    <!--<Font>3</Font>-->
    <RelativePosition>true</RelativePosition>
    <Location>
      <X>0</X>
      <Y>200</Y>
    </Location>
    <Size>
      <CX>30</CX>
      <CY>30</CY>
    </Size>
    <Background>A_RecessedBox</Background>
    <EQType>5030</EQType>
    <ItemOffsetX>2</ItemOffsetX>
    <ItemOffsetY>2</ItemOffsetY>
  </InvSlot>
         <InvSlot item = "LW_LootSlot31">
               <ScreenID>LW_LootSlot31</ScreenID>
               <!--<Font>3</Font>-->
               <RelativePosition>true</RelativePosition>
               <Location>
                       <X>50</X>
                       <Y>600</Y>
               </Location>
               <Size>
                       <CX>40</CX>
                       <CY>40</CY>
               </Size>
               <Background>A_RecessedBox</Background>
               <EQType>5030</EQType>
               <ItemOffsetX>2</ItemOffsetX>
               <ItemOffsetY>2</ItemOffsetY>
       </InvSlot>

  <Button item="LW_DoneButton">
    <ScreenID>DoneButton</ScreenID>
    <!--<Font>3</Font>-->
    <RelativePosition>true</RelativePosition>
    <AutoStretch>false</AutoStretch>
    <LeftAnchorOffset>2</LeftAnchorOffset>
    <TopAnchorOffset>26</TopAnchorOffset>
    <RightAnchorOffset>0</RightAnchorOffset>
    <BottomAnchorOffset>2</BottomAnchorOffset>
    <RightAnchorToLeft>false</RightAnchorToLeft>
    <BottomAnchorToTop>false</BottomAnchorToTop>
    <TopAnchorToTop>false</TopAnchorToTop>
    <Style_Transparent>false</Style_Transparent>
    <!--<TooltipReference/>-->
    <Style_Checkbox>false</Style_Checkbox>
    <!--<RadioGroup/>-->
    <Text>Done</Text>
    <TextColor>
      <R>255</R>
      <G>255</G>
      <B>255</B>
    </TextColor>
    <ButtonDrawTemplate>
      <Normal>A_BigBtnNormal</Normal>
      <Pressed>A_BigBtnPressed</Pressed>
      <Flyby>A_BigBtnFlyby</Flyby>
      <Disabled>A_BigBtnDisabled</Disabled>
      <PressedFlyby>A_BigBtnPressedFlyby</PressedFlyby>
    </ButtonDrawTemplate>
    <Size>
      <CX>58</CX>
      <CY>30</CY>
    </Size>
    <Location>
      <X>91</X>
      <Y>202</Y>
    </Location>
  </Button>
  <Button item="LW_BroadcastButton">
    <ScreenID>BroadcastButton</ScreenID>
    <!--<Font>3</Font>-->
    <RelativePosition>true</RelativePosition>
    <AutoStretch>false</AutoStretch>
    <LeftAnchorOffset>2</LeftAnchorOffset>
    <TopAnchorOffset>26</TopAnchorOffset>
    <RightAnchorOffset>2</RightAnchorOffset>
    <BottomAnchorOffset>2</BottomAnchorOffset>
    <RightAnchorToLeft>false</RightAnchorToLeft>
    <BottomAnchorToTop>false</BottomAnchorToTop>
    <TopAnchorToTop>false</TopAnchorToTop>
    <Style_Transparent>false</Style_Transparent>
    <!--<TooltipReference/>-->
    <Style_Checkbox>false</Style_Checkbox>
    <!--<RadioGroup/>-->
    <Text>Link All</Text>
    <TextColor>
      <R>255</R>
      <G>0</G>
      <B>255</B>
      <Alpha>255</Alpha>
    </TextColor>
    <ButtonDrawTemplate>
      <Normal>A_BigBtnNormal</Normal>
      <Pressed>A_BigBtnPressed</Pressed>
      <Flyby>A_BigBtnFlyby</Flyby>
      <Disabled>A_BigBtnDisabled</Disabled>
      <PressedFlyby>A_BigBtnPressedFlyby</PressedFlyby>
    </ButtonDrawTemplate>
    <Size>
      <CX>59</CX>
      <CY>30</CY>
    </Size>
    <Location>
      <X>31</X>
      <Y>202</Y>
    </Location>
  </Button>
  <Button item="LW_LootAllButton">
               <ScreenID>LootAllButton</ScreenID>
               <!--<Font>3</Font>-->
               <RelativePosition>true</RelativePosition>
               <AutoStretch>true</AutoStretch>
               <LeftAnchorOffset>1</LeftAnchorOffset>
               <TopAnchorOffset>23</TopAnchorOffset>
               <RightAnchorOffset>1</RightAnchorOffset>
               <BottomAnchorOffset>1</BottomAnchorOffset>
               <RightAnchorToLeft>false</RightAnchorToLeft>
               <BottomAnchorToTop>false</BottomAnchorToTop>
               <TopAnchorToTop>false</TopAnchorToTop>
               <Style_Transparent>false</Style_Transparent>
               <!--<TooltipReference/>-->
               <Style_Checkbox>false</Style_Checkbox>
               <!--<RadioGroup/>-->
               <Text>Loot All</Text>
               <TextColor>
                       <R>255</R>
                       <G>255</G>
                       <B>255</B>
               </TextColor>
               <ButtonDrawTemplate>
                       <Normal>A_BigBtnNormal</Normal>
                       <Pressed>A_BigBtnPressed</Pressed>
                       <Flyby>A_BigBtnFlyby</Flyby>
                       <Disabled>A_BigBtnDisabled</Disabled>
                       <PressedFlyby>A_BigBtnPressedFlyby</PressedFlyby>
               </ButtonDrawTemplate>
       </Button>
  <Screen item="LW_LootInvWnd">
    <ScreenID>LootInvWnd</ScreenID>
    <RelativePosition>true</RelativePosition>
    <Location>
      <X>0</X>
      <Y>20</Y>
    </Location>
    <Size>
      <CX>1</CX>
      <CY>1</CY>
    </Size>
    <Style_VScroll>true</Style_VScroll>
    <Style_Transparent>false</Style_Transparent>
    <!--<TooltipReference/>-->
    <DrawTemplate>WDT_Inner</DrawTemplate>
  </Screen>
  <Screen item="LootWnd">
    <!--<ScreenID/>-->
    <!--<Font/>-->
    <RelativePosition>true</RelativePosition>
    <Text>Loot</Text>
    <Style_VScroll>false</Style_VScroll>
    <Style_HScroll>false</Style_HScroll>
    <Style_Transparent>false</Style_Transparent>
    <!--<TooltipReference/>-->
    <DrawTemplate>WDT_Def</DrawTemplate>
    <Style_Titlebar>false</Style_Titlebar>
    <Style_Closebox>false</Style_Closebox>
    <Style_Minimizebox>false</Style_Minimizebox>
    <Style_Border>true</Style_Border>
    <Style_Sizable>false</Style_Sizable>
    <Location>
      <X>0</X>
      <Y>0</Y>
    </Location>
    <Size>
      <CX>156</CX>
      <CY>262</CY>
    </Size>
    <Pieces>LW_CorpseName</Pieces>
    <Pieces>LW_Unclickable</Pieces>
    <Pieces>LW_BroadcastButton</Pieces>
    <Pieces>LW_DoneButton</Pieces>
    <Pieces>LW_LootSlot0</Pieces>
    <Pieces>LW_LootSlot1</Pieces>
    <Pieces>LW_LootSlot2</Pieces>
    <Pieces>LW_LootSlot3</Pieces>
    <Pieces>LW_LootSlot4</Pieces>
    <Pieces>LW_LootSlot5</Pieces>
    <Pieces>LW_LootSlot6</Pieces>
    <Pieces>LW_LootSlot7</Pieces>
    <Pieces>LW_LootSlot8</Pieces>
    <Pieces>LW_LootSlot9</Pieces>
    <Pieces>LW_LootSlot10</Pieces>
    <Pieces>LW_LootSlot11</Pieces>
    <Pieces>LW_LootSlot12</Pieces>
    <Pieces>LW_LootSlot13</Pieces>
    <Pieces>LW_LootSlot14</Pieces>
    <Pieces>LW_LootSlot15</Pieces>
    <Pieces>LW_LootSlot16</Pieces>
    <Pieces>LW_LootSlot17</Pieces>
    <Pieces>LW_LootSlot18</Pieces>
    <Pieces>LW_LootSlot19</Pieces>
    <Pieces>LW_LootSlot20</Pieces>
    <Pieces>LW_LootSlot21</Pieces>
    <Pieces>LW_LootSlot22</Pieces>
    <Pieces>LW_LootSlot23</Pieces>
    <Pieces>LW_LootSlot24</Pieces>
    <Pieces>LW_LootSlot25</Pieces>
    <Pieces>LW_LootSlot26</Pieces>
    <Pieces>LW_LootSlot27</Pieces>
    <Pieces>LW_LootSlot28</Pieces>
    <Pieces>LW_LootSlot29</Pieces>
    <Pieces>LW_LootSlot30</Pieces>
    <Pieces>LW_LootSlot31</Pieces>
    <Pieces>LW_LootAllButton</Pieces>
    <Pieces>LW_LootInvWnd</Pieces>
  </Screen>
</XML>
