<?xml version="1.0" encoding="us-ascii"?>
<XML ID="EQInterfaceDefinitionLanguage">
       <Schema xmlns="EverQuestData" xmlns:dt="EverQuestDataTypes" />
       <Ui2DAnimation item="PBW_PBImage">
               <Cycle>true</Cycle>
               <Frames>
               <Texture>Pet_bg.tga</Texture>
               <Location>
                       <X>180</X>
                       <Y>80</Y>
               </Location>
               <Size>
                       <CX>65</CX>
                       <CY>7</CY>
               </Size>
               <Hotspot>
                    <X>0</X>
                    <Y>0</Y>
               </Hotspot>
               <Duration>1000</Duration>
               </Frames>
       </Ui2DAnimation>	   
	   
	    <Ui2DAnimation item="A_PBW_BG">
               <Cycle>true</Cycle>
               <Frames>
               <Texture>Target_bg.tga</Texture>
               <Location>
                     <X>577</X>
                       <Y>60</Y>
					   
               </Location>
               <Size>
                    <CX>411</CX>
                    <CY>25</CY>
               </Size>
               <Hotspot>
                    <X>0</X>
                    <Y>0</Y>
               </Hotspot>
               <Duration>1000</Duration>
               </Frames>
       </Ui2DAnimation>
	   
	 <StaticAnimation item="PBW_Bg">
		<ScreenID>PBW_Bg</ScreenID>
		<RelativePosition>true</RelativePosition>
		<Location>
			<X>0</X>
			<Y>0</Y>
		</Location>
		<Size>
			<CX>411</CX>
			<CY>25</CY>
		</Size>
		<Animation>A_PBW_BG</Animation>	
	</StaticAnimation>
	
       <Button item="PW_PotionSlot0_Button">
               <ScreenID>PotionSlot0</ScreenID>
               <Font>1</Font>
               <RelativePosition>true</RelativePosition>
               <Location>
                       <X>96</X>
                       <Y>4</Y>
               </Location>
               <Size>
                       <CX>19</CX>
                       <CY>18</CY>
               </Size>
               <Style_VScroll>false</Style_VScroll>
               <Style_HScroll>false</Style_HScroll>
               <Style_Transparent>false</Style_Transparent>
               <Style_Checkbox>false</Style_Checkbox>
               <ButtonDrawTemplate>
                       <Normal>A_RecessedBox</Normal>
               </ButtonDrawTemplate>
               <DecalOffset>
                       <X>1</X>
                       <Y>1</Y>
               </DecalOffset>
               <DecalSize>
                       <CX>20</CX>
                       <CY>20</CY>
               </DecalSize>
       </Button>
       <Button item="PW_PotionSlot1_Button">
               <ScreenID>PotionSlot1</ScreenID>
               <RelativePosition>true</RelativePosition>
               <Location>
                       <X>151</X>
                       <Y>4</Y>
               </Location>
               <Size>
                       <CX>19</CX>
                       <CY>18</CY>
               </Size>
               <Style_VScroll>false</Style_VScroll>
               <Style_HScroll>false</Style_HScroll>
               <Style_Transparent>false</Style_Transparent>
               <Style_Checkbox>false</Style_Checkbox>
               <RadioGroup />
               <ButtonDrawTemplate>
                       <Normal>A_RecessedBox</Normal>
               </ButtonDrawTemplate>
               <DecalOffset>
                       <X>0</X>
                       <Y>0</Y>
               </DecalOffset>
               <DecalSize>
                       <CX>20</CX>
                       <CY>20</CY>
               </DecalSize>
       </Button>
       <Button item="PW_PotionSlot2_Button">
               <ScreenID>PotionSlot2</ScreenID>
               <RelativePosition>true</RelativePosition>
               <Location>
                       <X>206</X>
                       <Y>4</Y>
               </Location>
               <Size>
                       <CX>19</CX>
                       <CY>18</CY>
               </Size>
               <Style_VScroll>false</Style_VScroll>
               <Style_HScroll>false</Style_HScroll>
               <Style_Transparent>false</Style_Transparent>
               <Style_Checkbox>false</Style_Checkbox>
               <RadioGroup />
               <ButtonDrawTemplate>
                       <Normal>A_RecessedBox</Normal>
               </ButtonDrawTemplate>
               <DecalOffset>
                       <X>0</X>
                       <Y>0</Y>
               </DecalOffset>
               <DecalSize>
                       <CX>20</CX>
                       <CY>20</CY>
               </DecalSize>
       </Button>
       <Button item="PW_PotionSlot3_Button">
               <ScreenID>PotionSlot3</ScreenID>
               <RelativePosition>true</RelativePosition>
               <Location>
                       <X>261</X>
                       <Y>4</Y>
               </Location>
               <Size>
                       <CX>19</CX>
                       <CY>18</CY>
               </Size>
               <Style_VScroll>false</Style_VScroll>
               <Style_HScroll>false</Style_HScroll>
               <Style_Transparent>false</Style_Transparent>
               <Style_Checkbox>false</Style_Checkbox>
               <RadioGroup />
               <ButtonDrawTemplate>
                       <Normal>A_RecessedBox</Normal>
               </ButtonDrawTemplate>
               <DecalOffset>
                       <X>0</X>
                       <Y>0</Y>
               </DecalOffset>
               <DecalSize>
                       <CX>20</CX>
                       <CY>20</CY>
               </DecalSize>
       </Button>
       <Button item="PW_PotionSlot4_Button">
               <ScreenID>PotionSlot4</ScreenID>
               <RelativePosition>true</RelativePosition>
               <Location>
                       <X>316</X>
                       <Y>4</Y>
               </Location>
               <Size>
                       <CX>19</CX>
                       <CY>18</CY>
               </Size>
               <Style_VScroll>false</Style_VScroll>
               <Style_HScroll>false</Style_HScroll>
               <Style_Transparent>false</Style_Transparent>
               <Style_Checkbox>false</Style_Checkbox>
               <RadioGroup />
               <ButtonDrawTemplate>
                       <Normal>A_RecessedBox</Normal>
               </ButtonDrawTemplate>
               <DecalOffset>
                       <X>0</X>
                       <Y>0</Y>
               </DecalOffset>
               <DecalSize>
                       <CX>20</CX>
                       <CY>20</CY>
               </DecalSize>
       </Button>
       <Label item="PW_PotionSlot0_Label">
               <ScreenID>PotionSlotLabel0</ScreenID>
               <RelativePosition>true</RelativePosition>
               <Location>
                       <X>77</X>
                       <Y>5</Y>
               </Location>
               <Size>
                       <CX>19</CX>
                       <CY>18</CY>
               </Size>
               <Text>0</Text>
               <TextColor>
                       <R>255</R>
                       <G>255</G>
                       <B>255</B>
               </TextColor>
               <Font>3</Font>
               <NoWrap>true</NoWrap>
               <AlignCenter>true</AlignCenter>
               <AlignRight>false</AlignRight>
       </Label>
       <Label item="PW_PotionSlot1_Label">
               <ScreenID>PotionSlotLabel1</ScreenID>
               <RelativePosition>true</RelativePosition>
               <Location>
                       <X>132</X>
                       <Y>5</Y>
               </Location>
               <Size>
                       <CX>19</CX>
                       <CY>18</CY>
               </Size>
               <Text>0</Text>
               <TextColor>
                       <R>255</R>
                       <G>255</G>
                       <B>255</B>
               </TextColor>
               <Font>3</Font>
               <NoWrap>true</NoWrap>
               <AlignCenter>true</AlignCenter>
               <AlignRight>false</AlignRight>
       </Label>
       <Label item="PW_PotionSlot2_Label">
               <ScreenID>PotionSlotLabel2</ScreenID>
               <RelativePosition>true</RelativePosition>
               <Location>
                       <X>187</X>
                       <Y>5</Y>
               </Location>
               <Size>
                       <CX>19</CX>
                       <CY>18</CY>
               </Size>
               <Text>0</Text>
               <TextColor>
                       <R>255</R>
                       <G>255</G>
                       <B>255</B>
               </TextColor>
               <Font>3</Font>
               <NoWrap>true</NoWrap>
               <AlignCenter>true</AlignCenter>
               <AlignRight>false</AlignRight>
       </Label>
       <Label item="PW_PotionSlot3_Label">
               <ScreenID>PotionSlotLabel3</ScreenID>
               <RelativePosition>true</RelativePosition>
               <Location>
                       <X>242</X>
                       <Y>5</Y>
               </Location>
               <Size>
                       <CX>19</CX>
                       <CY>18</CY>
               </Size>
               <Text>0</Text>
               <TextColor>
                       <R>255</R>
                       <G>255</G>
                       <B>255</B>
               </TextColor>
               <Font>3</Font>
               <NoWrap>true</NoWrap>
               <AlignCenter>true</AlignCenter>
               <AlignRight>false</AlignRight>
       </Label>
       <Label item="PW_PotionSlot4_Label">
               <ScreenID>PotionSlotLabel4</ScreenID>
               <RelativePosition>true</RelativePosition>
               <Location>
                       <X>297</X>
                       <Y>5</Y>
               </Location>
               <Size>
                       <CX>19</CX>
                       <CY>18</CY>
               </Size>
               <Text>0</Text>
               <TextColor>
                       <R>255</R>
                       <G>255</G>
                       <B>255</B>
               </TextColor>
               <Font>3</Font>
               <NoWrap>true</NoWrap>
               <AlignCenter>true</AlignCenter>
               <AlignRight>false</AlignRight>
       </Label>


 <Button item="PBW_PB_Button">
    <ScreenID>PIW_PB_Button</ScreenID>
    <RelativePosition>true</RelativePosition>
    <Location>
      <X>5</X>
      <Y>10</Y>
    </Location>
    <Size>
      <CX>65</CX>
      <CY>7</CY>
    </Size>
    <Style_Transparent>false</Style_Transparent>
    <Style_Checkbox>false</Style_Checkbox>
    <ButtonDrawTemplate>
      <Normal>PBW_PBImage</Normal>
    </ButtonDrawTemplate>
  </Button>

       <Screen item="PotionBeltWnd">
               <!--<ScreenID/>-->
               <Text>Potion Belt</Text>
               <RelativePosition>false</RelativePosition>
               <Location>
                       <X>196</X>
                       <Y>50</Y>
               </Location>
               <Size>
                       <CX>411</CX>
                       <CY>25</CY>
               </Size>
               <Style_VScroll>false</Style_VScroll>
               <Style_HScroll>false</Style_HScroll>
               <Style_Transparent>false</Style_Transparent>
               <DrawTemplate>WDT_Filigree</DrawTemplate>
               <Style_Titlebar>false</Style_Titlebar>
               <Style_Closebox>false</Style_Closebox>
               <Style_Minimizebox>false</Style_Minimizebox>
               <Style_Border>false</Style_Border>
               <Style_Sizable>false</Style_Sizable>
			   <Pieces>PBW_Bg</Pieces>
               <Pieces>PW_PotionSlot0_Button</Pieces>
               <Pieces>PW_PotionSlot1_Button</Pieces>
               <Pieces>PW_PotionSlot2_Button</Pieces>
               <Pieces>PW_PotionSlot3_Button</Pieces>
               <Pieces>PW_PotionSlot4_Button</Pieces>
               <Pieces>PW_PotionSlot0_Label</Pieces>
               <Pieces>PW_PotionSlot1_Label</Pieces>
               <Pieces>PW_PotionSlot2_Label</Pieces>
               <Pieces>PW_PotionSlot3_Label</Pieces>
               <Pieces>PW_PotionSlot4_Label</Pieces>
               <Pieces>PBW_PB_Button</Pieces>
       </Screen>
</XML>
