<?xml version = "1.0" encoding="us-ascii"?>
<XML ID="EQInterfaceDefinitionLanguage">
  <Schema xmlns="EverQuestData" xmlns:dt="EverQuestDataTypes" />
 
	<TextureInfo item="Target_Bg.tga">
		<Size>
			<CX>1024</CX>
			<CY>512</CY>
		</Size>
	</TextureInfo>
 
	<Ui2DAnimation item="A_Spaghetti_CSPWl_Bg">
		<Cycle>true</Cycle>
		<Frames>
			<Texture>Target_Bg.tga</Texture>
			<Location>
				<X>0</X>
				<Y>3</Y>
			</Location>
			<Size>
				<CX>988</CX>
				<CY>47</CY>
			</Size>
			<Hotspot>
				<X>0</X>
				<Y>0</Y>
			</Hotspot>
			<Duration>1000</Duration>
		</Frames>
	</Ui2DAnimation>
	
  <StaticAnimation item="Spaghetti_CSPW_Bg">
    <ScreenID>Spaghetti_CSPW_Bg</ScreenID>
    <RelativePosition>true</RelativePosition>
    <Location>
      <X>0</X>
      <Y>0</Y>
    </Location>
    <Size>
      <CX>988</CX>
      <CY>47</CY>
    </Size>
    <Animation>A_Spaghetti_CSPWl_Bg</Animation>
  </StaticAnimation>
  
  <!-- Spell Gems -->
  <SpellGem item="CSPW_Spell0">
    <ScreenID>CSPW_Spell0</ScreenID>
    <RelativePosition>true</RelativePosition>
    <Location>
      <X>162</X>
      <Y>15</Y>
    </Location>
    <Size>
      <CX>36</CX>
      <CY>30</CY>
    </Size>
    <SpellGemDrawTemplate>
      <Holder>A_SpellGemHolder</Holder>
      <Background>A_SpellGemBackground</Background>
      <Highlight>A_SpellGemHighlight</Highlight>
    </SpellGemDrawTemplate>
    <SpellIconOffsetX>6</SpellIconOffsetX>
    <SpellIconOffsetY>4</SpellIconOffsetY>
    <Font>1</Font>
  </SpellGem>
  
  <SpellGem item="CSPW_Spell1">
    <ScreenID>CSPW_Spell1</ScreenID>
    <RelativePosition>true</RelativePosition>
    <Location>
      <X>214</X>
      <Y>15</Y>
    </Location>
    <Size>
      <CX>36</CX>
      <CY>30</CY>
    </Size>
    <SpellGemDrawTemplate>
      <Holder>A_SpellGemHolder</Holder>
      <Background>A_SpellGemBackground</Background>
      <Highlight>A_SpellGemHighlight</Highlight>
    </SpellGemDrawTemplate>
    <SpellIconOffsetX>6</SpellIconOffsetX>
    <SpellIconOffsetY>4</SpellIconOffsetY>
    <Font>1</Font>
  </SpellGem>
  <SpellGem item="CSPW_Spell2">
    <ScreenID>CSPW_Spell2</ScreenID>
    <RelativePosition>true</RelativePosition>
    <Location>
      <X>266</X>
      <Y>15</Y>
    </Location>
    <Size>
      <CX>36</CX>
      <CY>30</CY>
    </Size>
    <SpellGemDrawTemplate>
      <Holder>A_SpellGemHolder</Holder>
      <Background>A_SpellGemBackground</Background>
      <Highlight>A_SpellGemHighlight</Highlight>
    </SpellGemDrawTemplate>
    <SpellIconOffsetX>6</SpellIconOffsetX>
    <SpellIconOffsetY>4</SpellIconOffsetY>
    <Font>1</Font>
  </SpellGem>
  <SpellGem item="CSPW_Spell3">
    <ScreenID>CSPW_Spell3</ScreenID>
    <RelativePosition>true</RelativePosition>
    <Location>
      <X>318</X>
      <Y>15</Y>
    </Location>
    <Size>
      <CX>36</CX>
      <CY>30</CY>
    </Size>
    <SpellGemDrawTemplate>
      <Holder>A_SpellGemHolder</Holder>
      <Background>A_SpellGemBackground</Background>
      <Highlight>A_SpellGemHighlight</Highlight>
    </SpellGemDrawTemplate>
    <SpellIconOffsetX>6</SpellIconOffsetX>
    <SpellIconOffsetY>4</SpellIconOffsetY>
    <Font>1</Font>
  </SpellGem>
  <SpellGem item="CSPW_Spell4">
    <ScreenID>CSPW_Spell4</ScreenID>
    <RelativePosition>true</RelativePosition>
    <Location>
      <X>370</X>
      <Y>15</Y>
    </Location>
    <Size>
      <CX>36</CX>
      <CY>30</CY>
    </Size>
    <SpellGemDrawTemplate>
      <Holder>A_SpellGemHolder</Holder>
      <Background>A_SpellGemBackground</Background>
      <Highlight>A_SpellGemHighlight</Highlight>
    </SpellGemDrawTemplate>
    <SpellIconOffsetX>6</SpellIconOffsetX>
    <SpellIconOffsetY>4</SpellIconOffsetY>
    <Font>1</Font>
  </SpellGem>
  <SpellGem item="CSPW_Spell5">
    <ScreenID>CSPW_Spell5</ScreenID>
    <RelativePosition>true</RelativePosition>
    <Location>
      <X>422</X>
      <Y>15</Y>
    </Location>
    <Size>
      <CX>36</CX>
      <CY>30</CY>
    </Size>
    <SpellGemDrawTemplate>
      <Holder>A_SpellGemHolder</Holder>
      <Background>A_SpellGemBackground</Background>
      <Highlight>A_SpellGemHighlight</Highlight>
    </SpellGemDrawTemplate>
    <SpellIconOffsetX>6</SpellIconOffsetX>
    <SpellIconOffsetY>4</SpellIconOffsetY>
    <Font>1</Font>
  </SpellGem>
  <SpellGem item="CSPW_Spell6">
    <ScreenID>CSPW_Spell6</ScreenID>
    <RelativePosition>true</RelativePosition>
    <Location>
      <X>474</X>
      <Y>15</Y>
    </Location>
    <Size>
      <CX>36</CX>
      <CY>30</CY>
    </Size>
    <SpellGemDrawTemplate>
      <Holder>A_SpellGemHolder</Holder>
      <Background>A_SpellGemBackground</Background>
      <Highlight>A_SpellGemHighlight</Highlight>
    </SpellGemDrawTemplate>
    <SpellIconOffsetX>6</SpellIconOffsetX>
    <SpellIconOffsetY>4</SpellIconOffsetY>
    <Font>1</Font>
  </SpellGem>
  <SpellGem item="CSPW_Spell7">
    <ScreenID>CSPW_Spell7</ScreenID>
    <RelativePosition>true</RelativePosition>
    <Location>
      <X>526</X>
      <Y>15</Y>
    </Location>
    <Size>
      <CX>36</CX>
      <CY>30</CY>
    </Size>
    <SpellGemDrawTemplate>
      <Holder>A_SpellGemHolder</Holder>
      <Background>A_SpellGemBackground</Background>
      <Highlight>A_SpellGemHighlight</Highlight>
    </SpellGemDrawTemplate>
    <SpellIconOffsetX>6</SpellIconOffsetX>
    <SpellIconOffsetY>4</SpellIconOffsetY>
    <Font>1</Font>
  </SpellGem>
  <SpellGem item="CSPW_Spell8">
    <ScreenID>CSPW_Spell8</ScreenID>
    <RelativePosition>true</RelativePosition>
    <Location>
      <X>578</X>
      <Y>15</Y>
    </Location>
    <Size>
      <CX>36</CX>
      <CY>30</CY>
    </Size>
    <SpellGemDrawTemplate>
      <Holder>A_SpellGemHolder</Holder>
      <Background>A_SpellGemBackground</Background>
      <Highlight>A_SpellGemHighlight</Highlight>
    </SpellGemDrawTemplate>
    <SpellIconOffsetX>6</SpellIconOffsetX>
    <SpellIconOffsetY>4</SpellIconOffsetY>
  </SpellGem>
  <SpellGem item="CSPW_Spell9">
    <ScreenID>CSPW_Spell9</ScreenID>
    <RelativePosition>true</RelativePosition>
    <Location>
      <X>630</X>
      <Y>15</Y>
    </Location>
    <Size>
      <CX>36</CX>
      <CY>30</CY>
    </Size>
    <SpellGemDrawTemplate>
      <Holder>A_SpellGemHolder</Holder>
      <Background>A_SpellGemBackground</Background>
      <Highlight>A_SpellGemHighlight</Highlight>
    </SpellGemDrawTemplate>
    <SpellIconOffsetX>6</SpellIconOffsetX>
    <SpellIconOffsetY>4</SpellIconOffsetY>
  </SpellGem>
    <SpellGem item="CSPW_Spell10">
    <ScreenID>CSPW_Spell10</ScreenID>
    <RelativePosition>true</RelativePosition>
    <Location>
      <X>682</X>
      <Y>15</Y>
    </Location>
    <Size>
      <CX>36</CX>
      <CY>30</CY>
    </Size>
    <SpellGemDrawTemplate>
      <Holder>A_SpellGemHolder</Holder>
      <Background>A_SpellGemBackground</Background>
      <Highlight>A_SpellGemHighlight</Highlight>
    </SpellGemDrawTemplate>
    <SpellIconOffsetX>6</SpellIconOffsetX>
    <SpellIconOffsetY>4</SpellIconOffsetY>
  </SpellGem>  
  <SpellGem item="CSPW_Spell11">
    <ScreenID>CSPW_Spell11</ScreenID>
    <RelativePosition>true</RelativePosition>
    <Location>
      <X>734</X>
      <Y>15</Y>
    </Location>
    <Size>
      <CX>36</CX>
      <CY>30</CY>
    </Size>
    <SpellGemDrawTemplate>
      <Holder>A_SpellGemHolder</Holder>
      <Background>A_SpellGemBackground</Background>
      <Highlight>A_SpellGemHighlight</Highlight>
    </SpellGemDrawTemplate>
    <SpellIconOffsetX>6</SpellIconOffsetX>
    <SpellIconOffsetY>4</SpellIconOffsetY>
  </SpellGem>
  <Button item="CSPW_SpellBook">
    <ScreenID>CSPW_SpellBook</ScreenID>
    <!--<Font>3</Font>-->
    <RelativePosition>true</RelativePosition>
    <Location>
      <X>793</X>
      <Y>19</Y>
    </Location>
    <Size>
      <CX>24</CX>
      <CY>22</CY>
    </Size>
    <Style_Transparent>false</Style_Transparent>
    <TooltipReference>Opens and closes Your Spellbook</TooltipReference>
    <Style_Checkbox>true</Style_Checkbox>
    <!--<RadioGroup/>-->
    <ButtonDrawTemplate>
      <Normal>A_BookBtnNormal</Normal>
      <Pressed>A_BookBtnPressed</Pressed>
      <Flyby>A_BookBtnFlyby</Flyby>
      <Disabled>A_BookBtnDisabled</Disabled>
      <PressedFlyby>A_BookBtnPressedFlyby</PressedFlyby>
    </ButtonDrawTemplate>
  </Button>
  <Gauge item="Dummy_HPGauge">
    <ScreenID>PlayerHP</ScreenID>
    <Font>2</Font>
    <TextColor>
      <R>240</R>
      <G>240</G>
      <B>240</B>
    </TextColor>
    <RelativePosition>true</RelativePosition>
    <Location>
      <X>392</X>
      <Y>16</Y>
    </Location>
    <Size>
      <CX>200</CX>
      <CY>24</CY>
    </Size>
    <TextOffsetX>0</TextOffsetX>
    <TextOffsetY>-50</TextOffsetY>
    <GaugeOffsetY>0</GaugeOffsetY>
    <Style_VScroll>false</Style_VScroll>
    <Style_HScroll>false</Style_HScroll>
    <Style_Transparent>false</Style_Transparent>
    <!--<TooltipReference/>-->
    <FillTint>
      <R>240</R>
      <G>0</G>
      <B>0</B>
      <Alpha>255</Alpha>
    </FillTint>
    <LinesFillTint>
      <R>220</R>
      <G>220</G>
      <B>0</B>
    </LinesFillTint>
    <DrawLinesFill>false</DrawLinesFill>
    <EQType>1</EQType>
    <GaugeDrawTemplate />
  </Gauge>
  <Screen item="CastSpellWnd">
    <ScreenID />
    <RelativePosition>false</RelativePosition>
    <Location>
      <X>516</X>
      <Y>242</Y>
    </Location>
    <Size>
      <CX>988</CX>
      <CY>47</CY>
    </Size>
    <Text>Target</Text>
    <Style_VScroll>false</Style_VScroll>
    <Style_HScroll>false</Style_HScroll>
    <Style_Transparent>true</Style_Transparent>
    <TooltipReference>Your Current Target</TooltipReference>
    <DrawTemplate>WDT_Rounded</DrawTemplate>
    <Style_Titlebar>false</Style_Titlebar>
    <Style_Closebox>false</Style_Closebox>
    <Style_Minimizebox>false</Style_Minimizebox>
    <Style_Border>false</Style_Border>
    <Style_Sizable>false</Style_Sizable>
    <Pieces>Spaghetti_CSPW_Bg</Pieces>
    <Pieces>CSPW_Spell0</Pieces>
    <Pieces>CSPW_Spell1</Pieces>
    <Pieces>CSPW_Spell2</Pieces>
    <Pieces>CSPW_Spell3</Pieces>
    <Pieces>CSPW_Spell4</Pieces>
    <Pieces>CSPW_Spell5</Pieces>
    <Pieces>CSPW_Spell6</Pieces>
    <Pieces>CSPW_Spell7</Pieces>
    <Pieces>CSPW_Spell8</Pieces>
    <Pieces>CSPW_Spell9</Pieces>
	<Pieces>CSPW_Spell10</Pieces>
    <Pieces>CSPW_Spell11</Pieces>
    <Pieces>CSPW_SpellBook</Pieces>
    <!--<Pieces>Dummy_HPGauge</Pieces>-->
  </Screen>
</XML>
