<?xml version = "1.0"?>
<XML ID = "EQInterfaceDefinitionLanguage">
       <Schema xmlns = "EverQuestData" xmlns:dt = "EverQuestDataTypes"/>


       <Listbox item = "STORY_StoryList">
               <ScreenID>StoryList</ScreenID>
               <DrawTemplate>WDT_Inner</DrawTemplate>
               <TooltipReference>List of story items.</TooltipReference>
               <AutoStretch>true</AutoStretch>
               <LeftAnchorOffset>4</LeftAnchorOffset>
               <TopAnchorOffset>4</TopAnchorOffset>
               <RightAnchorOffset>200</RightAnchorOffset>
               <BottomAnchorOffset>30</BottomAnchorOffset>
               <TopAnchorToTop>true</TopAnchorToTop>
               <BottomAnchorToTop>false</BottomAnchorToTop>
               <LeftAnchorToLeft>true</LeftAnchorToLeft>
               <RightAnchorToLeft>true</RightAnchorToLeft>
               <TextColor>
                               <R>255</R>
                               <G>255</G>
                               <B>255</B>
               </TextColor>
               <Style_Border>true</Style_Border>
               <Style_VScroll>true</Style_VScroll>
               <Columns>
                       <Width>0</Width>
                       <Heading>Date</Heading>
               </Columns>
               <Columns>
                       <Width>200</Width>
                       <Heading>Title</Heading>
               </Columns>
       </Listbox>

       <STMLbox item = "STORY_Display">
               <ScreenID>Display</ScreenID>
               <DrawTemplate>WDT_Inner</DrawTemplate>
               <RelativePosition>true</RelativePosition>
               <Style_VScroll>true</Style_VScroll>
               <AutoStretch>true</AutoStretch>
               <LeftAnchorOffset>204</LeftAnchorOffset>
               <TopAnchorOffset>4</TopAnchorOffset>
               <RightAnchorOffset>4</RightAnchorOffset>
               <BottomAnchorOffset>30</BottomAnchorOffset>
               <TopAnchorToTop>true</TopAnchorToTop>
               <BottomAnchorToTop>false</BottomAnchorToTop>
               <LeftAnchorToLeft>true</LeftAnchorToLeft>
               <RightAnchorToLeft>false</RightAnchorToLeft>
               <Style_Border>true</Style_Border>
       </STMLbox>

       <Button item = "STORY_AutomaticCheckbox">
               <ScreenID>AutomaticButton</ScreenID>
               <RelativePosition>true</RelativePosition>
               <AutoStretch>true</AutoStretch>
               <LeftAnchorOffset>4</LeftAnchorOffset>
               <TopAnchorOffset>24</TopAnchorOffset>
               <RightAnchorOffset>20</RightAnchorOffset>
               <BottomAnchorOffset>8</BottomAnchorOffset>
               <TopAnchorToTop>false</TopAnchorToTop>
               <BottomAnchorToTop>false</BottomAnchorToTop>
               <LeftAnchorToLeft>true</LeftAnchorToLeft>
               <RightAnchorToLeft>true</RightAnchorToLeft>
               <Style_Transparent>false</Style_Transparent>
               <Style_Checkbox>true</Style_Checkbox>
               <Text></Text>
               <TextColor>
                       <R>255</R>
                       <G>255</G>
                       <B>255</B>
               </TextColor>
               <ButtonDrawTemplate>
                       <Normal>A_CheckBoxNormal</Normal>
                       <Pressed>A_CheckBoxPressed</Pressed>
               </ButtonDrawTemplate>
       </Button>

       <Label item = "STORY_AutomaticLabel">
               <ScreenID>AutomaticLabel</ScreenID>
               <RelativePosition>true</RelativePosition>
               <AutoStretch>true</AutoStretch>
               <LeftAnchorOffset>26</LeftAnchorOffset>
               <TopAnchorOffset>24</TopAnchorOffset>
               <RightAnchorOffset>4</RightAnchorOffset>
               <BottomAnchorOffset>4</BottomAnchorOffset>
               <TopAnchorToTop>false</TopAnchorToTop>
               <BottomAnchorToTop>false</BottomAnchorToTop>
               <LeftAnchorToLeft>true</LeftAnchorToLeft>
               <RightAnchorToLeft>false</RightAnchorToLeft>
               <Text>Automatically display when new item exists.</Text>
               <TextColor>
                               <R>255</R>
                               <G>255</G>
                               <B>255</B>
               </TextColor>
               <NoWrap>true</NoWrap>
               <AlignCenter>false</AlignCenter>
               <AlignRight>false</AlignRight>
       </Label>



       <Screen item = "StoryWnd">
               <ScreenID/>
               <RelativePosition>false</RelativePosition>
               <Location>
                       <X>50</X>
                       <Y>100</Y>
               </Location>
               <Size>
                       <CX>375</CX>
                       <CY>350</CY>
               </Size>
               <Text>Story Window</Text>
               <Style_VScroll>false</Style_VScroll>
               <Style_HScroll>false</Style_HScroll>
               <Style_Transparent>false</Style_Transparent>
               <TooltipReference>This window displays storyline items.</TooltipReference>
               <DrawTemplate>WDT_Rounded</DrawTemplate>
               <Style_Titlebar>true</Style_Titlebar>
               <Style_Closebox>true</Style_Closebox>
               <Style_Minimizebox>true</Style_Minimizebox>
               <Style_Border>true</Style_Border>
               <Style_Sizable>true</Style_Sizable>
               <Pieces>STORY_StoryList</Pieces>
               <Pieces>STORY_Display</Pieces>
               <Pieces>STORY_AutomaticLabel</Pieces>
               <Pieces>STORY_AutomaticCheckbox</Pieces>
       </Screen>

</XML>