<?xml version = "1.0"?>
<XML ID="EQInterfaceDefinitionLanguage">
  <Schema xmlns="EverQuestData" xmlns:dt="EverQuestDataTypes" />
  <Ui2DAnimation item="A_CompassStripHL">
    <Frames>
      <Texture>window_pieces04.tga</Texture>
      <Location>
        <X>0</X>
        <Y>7</Y>
      </Location>
      <Size>
        <CX>180</CX>
        <CY>17</CY>
      </Size>
    </Frames>
  </Ui2DAnimation>
  <Ui2DAnimation item="A_CompassBackdrop">
    <Frames>
      <Texture>HighlightCompass.tga</Texture>
      <Location>
        <X>60</X>
        <Y>51</Y>
      </Location>
      <Size>
        <CX>60</CX>
        <CY>21</CY>
      </Size>
    </Frames>
  </Ui2DAnimation>
  <Ui2DAnimation item="A_CompassOverlayHL">
    <Frames>
      <Texture>window_pieces04.tga</Texture>
      <Location>
        <X>0</X>
        <Y>31</Y>
      </Location>
      <Size>
        <CX>98</CX>
        <CY>17</CY>
      </Size>
    </Frames>
  </Ui2DAnimation>
  <StaticAnimation item="CMPW_Strip1">
    <ScreenID>CompassStrip1</ScreenID>
    <RelativePosition>true</RelativePosition>
    <Location>
      <X>0</X>
      <Y>22</Y>
    </Location>
    <Size>
      <CX>180</CX>
      <CY>18</CY>
    </Size>
    <Animation>A_CompassStripHL</Animation>
  </StaticAnimation>
  <StaticAnimation item="CMPW_Strip2">
    <ScreenID>CompassStrip2</ScreenID>
    <RelativePosition>true</RelativePosition>
    <Location>
      <X>0</X>
      <Y>22</Y>
    </Location>
    <Size>
      <CX>180</CX>
      <CY>18</CY>
    </Size>
    <Animation>A_CompassStripHL</Animation>
  </StaticAnimation>
  <StaticAnimation item="CMPW_Frame">
    <RelativePosition>true</RelativePosition>
    <Location>
      <X>0</X>
      <Y>0</Y>
    </Location>
    <Size>
      <CX>98</CX>
      <CY>18</CY>
    </Size>
    <Animation>A_CompassOverlayHL</Animation>
  </StaticAnimation>
  <Screen item="CompassWindow">
    <!--<ScreenID/>-->
    <!--<Font/>-->
    <RelativePosition>false</RelativePosition>
    <Location>
      <X>216</X>
      <Y>241</Y>
    </Location>
    <Size>
      <CX>97</CX>
      <CY>18</CY>
    </Size>
    <Style_VScroll>false</Style_VScroll>
    <Style_HScroll>false</Style_HScroll>
    <Style_Transparent>true</Style_Transparent>
    <!--<TooltipReference/>-->
    <DrawTemplate>WDT_RoundedNoTitle</DrawTemplate>
    <Style_Titlebar>false</Style_Titlebar>
    <Style_Closebox>false</Style_Closebox>
    <Style_Minimizebox>false</Style_Minimizebox>
    <Style_Border>false</Style_Border>
    <Style_Sizable>false</Style_Sizable>
    <Pieces>CMPW_Strip1</Pieces>
    <Pieces>CMPW_Strip2</Pieces>
    <Pieces>CMPW_Frame</Pieces>
  </Screen>
</XML>